0,1,2,3,4,5,6,7,8,9,10,11,12,13,14,15,16,17,18,19,20,21,22,23,24,25,26,27,28,29,30,31,32,33,34,35,36,37,38,39,40,41,42,43,44,45,46,47,48,49,50,51,52,53,54,55,56,57,58,59,60,61,62,63,64,65,66,67,68,69,70,71,72,73,74,75,76,77,78,79,80,81,82,83,84,85,86,87,88,89,90,91,92,93,94,95,96,97,98,99
2.243719674145453,2.4304769930727494,1.0214758272875755,2.6530543726351756,2.1867657223979373,1.7376043832731225,0.4587674694950211,0.033225236102549946,2.9452646453928772,2.6556614262360405,-0.2790759810794074,0.9031437757912565,1.92463811552879,0.5501175068181,1.4519433651730629,-0.8566209464005717,-3.089935524003647,-0.26119866418678217,-1.289424101348215,-0.4251528709643526,-2.410806667882983,-2.4951249818651515,-3.6170332321627745,-2.884626503471475,-3.5915640565620754,-0.5417704590349944,-1.2618019299048624,1.5582440554765165,1.104987215413333,0.9896328832061317,-3.99623202755479,-4.053439762174288,-4.347459529648952,-2.3117073577677174,-4.951147085406708,2.753896307266207,1.4497563764081474,1.1931552505033793,1.8020696430705136,2.3716071754921915,-0.9187429467892889,-1.7920920461468797,-1.0871615201981586,0.11181442769223193,-1.3711671392998077,-2.7391430511924377,-3.83761951403235,-3.321201189302488,-1.9720970049347668,-1.1286115731543955,-0.7673579672497538,0.1709062635301884,0.3743779345351675,-1.2759574451582059,0.14542979080061189,2.666369405137545,2.8413033652942006,1.435657584053411,1.0668685894986967,2.6868924688471636,2.0472054266214217,2.5284332390398596,2.129815095787197,3.3687738594944032,3.1870912249493344,2.0579063979184715,1.0759765652927438,3.0037567802620266,0.45724885339805105,-0.00936076556199065,-1.7716738945120727,-1.0141595138923511,-0.16587381525359307,1.1946057821603335,-1.4109547017545154,0.9958671277209001,3.856024890567879,2.5701134974829767,4.025569760009157,3.0783008575934785,1.4771194544704764,-0.7247763223809677,0.7703632791116743,1.4636456742976593,0.02316036213162157,0.8847103354278154,0.8332923548716242,1.4910678379373992,-1.7618594303587587,0.8436378676648175,-2.6427328716458582,-1.577030351972061,-1.5918619443070077,-0.7223295515211012,-1.2474581933960587,-1.1112200074577439,-1.4400464865240268,-0.3695826008264818,0.950747188629407,-1.1183050532688241
1.0938441605691012,2.353901522182425,2.15342810522918,3.5541529818879614,1.7557139031875484,-3.5964865706993225,-4.219251403835528,-4.388484704155582,-4.351862159865509,-3.888286291436497,-1.5918104077504367,-2.4150083821409063,-1.181292417326493,-1.7009775243895164,-3.557581714144441,-1.258609664098478,-2.4936466337109975,-2.923939262412629,-1.5365376289618007,-3.926465908183832,-3.517787036537025,-4.65975296284375,-3.398632819262073,-2.9154823560761547,-2.267819028232463,-1.6474107613056175,-1.6825355347808353,-3.161988397139232,-0.5705957140917353,-4.268890855823026,-3.0967906779812027,-2.1759183175689016,-3.1951080269073153,-1.7795027972193065,-1.896857613748332,-0.7380228373640662,-0.8960644503544499,0.6761213187590864,-0.2210774575115204,0.09144076238567124,6.0659486329519074,5.714631982151871,2.3334079634219393,2.784896862920056,3.628815592198758,-0.9734222993300928,0.12598761848915016,1.2512730819128532,1.5850697353180374,-0.0459474929106545,1.7173304193389116,2.607391684485003,2.002717327206662,2.593829782984122,2.150118493015571,2.997091286894792,4.587193718035642,4.420537824065594,4.505859278594792,3.959007361348908,-0.605099085412122,-0.17794201391279812,-1.9937717516815598,-0.5701860128381415,-0.3714892620013496,2.320032365242917,3.414379390954255,1.729597260897809,0.06430039958568207,0.6516927676098498,2.5622572108682866,3.5743854274066686,3.0078577026237205,2.8008019540711224,2.8710034650183553,2.6008877377894852,2.2153599686622223,2.800196068747569,4.553859872523316,2.835868728246691,0.621975376193967,-1.382422156965463,-0.7073380184465428,-1.1727728227079464,-1.2212916548646828,-1.595106430147596,-2.6535035355282797,-0.1746184927858649,-0.9894008715787876,0.25223860896306116,-4.2095890072332365,-3.271373478762982,-5.446713193119214,-3.4667097247583887,-2.6324642613706475,0.15521079053573578,-0.3604223251612713,-0.34253912627869537,0.4369882502014738,0.3109596285356452
-1.87559856275488,0.02332285084296981,-3.9728263631555922,-1.9903834477054487,-0.32521567604033874,-0.9171844131142213,-1.5456955577095464,-0.1737745730079931,1.921282959023222,0.8191249827407682,2.3215813290210843,1.8610504459249788,0.7647132533591967,0.8794860921160301,2.247403645750043,2.8462595112666604,2.6121294485232283,3.10407709607981,1.6994207575983156,2.2209446719977985,-7.948401715592383,-7.536986659054843,-9.13582352827241,-9.130988406022432,-10.36038662535484,-2.9783212867163686,3.479211260702254,0.5541816286185872,1.3481054337808915,-1.2903754095916626,6.8464196567139,5.426944096157842,5.046853640793034,5.040128644903118,6.654348691570661,2.4069221108820376,0.6012660934186811,2.1492919122609915,3.0005519182076417,1.1737056894984639,-2.344202147731299,-1.1359028044803006,-2.873070538965262,-1.8681728387469774,-1.5339445622750203,1.9125408912202577,2.2525236025619657,1.3267077703899681,0.5583474817604331,1.1437488714362267,-3.6590275807985546,-3.5587060540148485,-4.862326582171199,-3.7948736226902255,-3.698478511274806,-3.419463108822155,-3.211121791187239,-2.067076800823423,-2.1021472197143334,-3.6221907869106826,0.31358200910173,0.6071775543280298,0.6002303845192735,0.7562699284798047,-0.0854885807158587,1.5799525380387276,-0.3866664997786837,2.345936691676124,2.900451062639614,0.3543305199527704,1.8213535286864042,3.751353864688047,3.707245285538944,2.3786154917762437,2.7980008617897396,2.061131704376186,2.3682343318397763,1.6438237358732684,2.2198932481256475,1.77768180645647,4.716177851103635,4.1399733967661785,4.1359936580205705,3.4392799294568785,4.763413152146423,-2.444649941722132,-2.267706576481885,-4.180829136926681,-3.7124638714552534,-4.722595577899958,-4.598830854613799,-5.689592267990372,-6.102046647850504,-4.234576351022888,-2.2611528156950094,3.3907042549220723,5.1616085016798925,3.246211338947932,3.537982026311054,2.7361735354394088
0.8439093130413106,-0.14977212733234846,-1.3748990888205004,-0.7975256962058832,-1.0656007625028903,-0.20335024601277707,2.677362091723802,2.203943862078679,2.6956438087344647,4.198343587547363,1.2111617863899242,1.2457317905593068,1.4603549921040497,-0.44016148375157715,0.6950258697759213,2.781706887307289,2.263288822844361,2.947621602121718,3.234364288727769,2.00942136383719,-2.587428688060749,-0.8299716497979673,-2.5291492255770778,-2.4080308990813855,-1.3579066304565475,0.7967770469883569,-0.684845367402374,-1.8730666289387903,-2.9005406051065363,-0.34375915676273266,1.3293383303525792,2.5717898119379807,0.6561821816017287,2.482957743943234,0.9706338787432093,3.6667770847371566,3.1807781432932885,2.858291502565101,2.843358418656607,3.308954643276956,0.06581612006840212,-0.559654177164077,-0.6467100493933405,-0.9259733763884739,-2.2744171740321173,-3.975502987944937,-3.0601974325054653,-3.5048132102847025,-2.2183215430443814,-1.0155450459957551,-0.6019748751292844,0.37380978484719396,-0.1470444509070559,2.6981996561263424,-0.6851702563437936,-0.22725223208894865,-1.7268276637741449,-1.9020177659044204,0.015106461874013058,-2.178053134970246,0.13071357875280568,0.9127328646871458,2.113234434939818,1.3439997707650686,0.9094079375389041,-1.3331927971982953,-1.31777453959472,0.7628194482662544,0.3144031969749899,0.6015931069961041,1.1457598316485662,-0.055849530105674054,-0.5582341861016055,1.2067317157590616,2.452423474792123,-1.1725975352047153,-0.19874729193574567,-0.5161195873122907,-1.2999711275152288,-1.0430941934175273,4.4199353213064185,4.8287968223913,4.099028436125757,4.790983459421634,3.5830997938982967,-2.159501157823098,-1.6932982853453424,-2.215879483727671,-0.824281706584741,-2.375327020916423,1.4421128077001684,0.2109153498436083,1.0734373933794883,-0.1171981954621901,0.6988849750590229,-0.9866306475352812,-1.1462957463283727,-0.7546820013573413,-2.3408833225570818,0.06902009173653088
-0.7098306356987206,-1.1180184123596661,-1.305237424789214,0.2681893487756442,0.22173707319898833,1.1542093787583327,0.32902541793738616,2.2613135463792995,0.8257536838909327,1.7669318788353499,-1.9086246931668793,-1.113494069635844,-2.212919101451818,-2.970143064399984,-2.870612389548626,-3.522755015898905,-2.612457289666432,-2.7268576694489357,-2.877970981320716,-2.867970684959303,1.5264939306354655,-0.6839569375946074,1.3590730823643882,1.2089818738703448,-1.2845258367521462,3.6685590342514103,4.7192209036425625,4.620154636455473,4.021974617195185,4.402355831267147,-4.444497033327063,-5.544187674648465,-2.706287192150798,-3.718196026395334,-3.5015000775860354,-2.731532437485181,-4.6845825954477895,-3.5073718146586867,-2.9922398163852866,-1.666699687762414,0.9821884168923205,2.3891128474221937,-2.4461511011431005,1.0621838991258783,2.3172767573431523,-7.500745882517976,-5.692392299201046,-6.194274852013616,-5.747945605737909,-5.197629431306221,1.568216027465773,0.8160234803629665,0.1983941160889718,1.275113469133681,1.1616966946164944,3.646431879442027,3.7191583831891717,2.6942531040390834,3.1143736596125393,3.1860867766061522,0.4401600496241662,0.27047411681483413,0.17838561448951293,1.6472338763354373,-0.29362547557374336,-2.055821234959086,-3.996015294476594,-3.058960650549094,-2.874562216065863,-3.5219673330849086,1.5618236100108418,4.074632076682957,3.870107148750148,2.578792639044836,1.4022508396614959,-5.002817719612293,-6.860310527477153,-6.006358230357799,-5.302588940126081,-4.9011647931877045,0.9774360415257143,3.8448148370502353,2.0665685366080937,2.5926215765579306,3.4173250522207037,-1.649292932003425,-2.5559003331318193,-3.2067209160924035,-3.1118620856843555,-3.2079690519511104,-1.313544040653625,0.15284721165939558,-1.7229004815730236,-1.4113774071342684,-3.538474734682326,0.1968863825896592,-0.6576433108287131,1.126283141968761,-0.0567058504734586,1.6076747449522653
1.9057629383139951,3.03653614016315,2.8781021176832127,2.786673283702885,3.317428568071992,-6.10898444285621,-6.512227607855039,-4.635905986032282,-5.961140997244678,-4.501590231795972,-5.364507666518598,-4.827136517200105,-5.649210399670197,-6.004958490382447,-5.1932439508557895,4.565118601719693,3.9098597481217885,5.331297362928757,5.5151530526201356,5.330671844239033,0.18654723283096925,1.283931616764602,-0.11429508366105984,1.4042027605410015,-0.7314236979236951,0.9464286588472409,0.20456059493663376,-1.5318699959731976,-2.299125922487554,-2.250466432763919,2.026494078524616,2.7205006804084224,1.258045517258402,2.820536907077013,2.121451456653234,0.9743195991128897,1.8295627537140327,2.3185889149435948,2.9341195136009537,2.605700941279599,0.6679604869615823,1.1220007376811112,0.9705437109788613,0.9720563255075557,-0.316744213542741,-2.3231858552742355,-2.4001554909969767,-2.3639361500504585,-2.1806777730291858,-1.366965445183849,0.1825431657102698,2.1723633559621907,1.0099221618160905,1.4259763058386081,2.566007841949796,-4.591927060080598,-4.293513429594491,-6.366009999454214,-6.143455918661188,-4.886640887833576,-0.6539023746585619,0.4396075296098576,-0.785132054091497,-2.152821865141707,-1.0197506197869568,0.5306610743291067,0.39550593102481435,-0.4471424871270997,-0.11094802969056844,1.1077248542224323,-5.4986898033132405,-4.366189810134642,-2.7251382445239454,-3.967339212332655,-4.2938587799546575,-2.941771969611188,-2.134258833831879,-1.4945494733300748,-2.1204691288207638,-0.3195678875912957,-1.0783530007185491,-1.6837092874978326,-1.920646304381353,0.0305085220283845,-0.6609114093855909,-0.028746804268249587,0.8916717665564287,1.3934863705614933,0.46129426476277646,2.0465748613713366,-4.5723835371697295,-4.962123692582743,-6.726114117514223,-5.24860378857398,-4.589483033987199,-2.11425219658889,-1.8498856370159147,-1.6140816455529852,-2.8658026409991995,-3.236056593985636
1.9717725455740438,0.8789529478641768,2.6318535040989937,2.3934107533540643,3.262777236403192,6.165598614065786,7.5167422234004295,8.519171333829194,6.048466719048436,6.594130460248216,2.334738186125253,4.14798285879462,3.9216836374091986,3.3377109197563297,3.44386811669902,-1.1185444503495823,-2.2989161638416213,-1.236321068907584,-1.6267167541465342,-0.562955637985807,-4.77701971467776,-5.351959758827345,-4.349357492563459,-4.867512505586674,-3.0566011605407124,-5.48432559031826,-4.748928787771323,-6.849848805450254,-5.059125680008158,-3.9506460035190645,0.7840254149829152,-0.08415643575884034,-1.2726920423682433,0.07894481255706236,-0.8981369363662323,-2.165810956298959,-1.6291435315093967,-3.3625625498257703,-2.7042584277455965,-2.991776565794438,-2.928273676993766,-1.7220586390667092,-2.168375511306487,-1.8440399393932423,-4.400779493214129,-0.14321000171929052,1.14227621373063,3.4356306711245126,3.3011167856232073,2.2240615801326897,5.7654092724202926,4.569322774244368,5.909210038796182,4.06104893184475,4.124109073528067,-0.6283230309970913,-1.4476523172800453,1.1460537551171692,0.21990327318669714,0.26562718047595285,5.199836021060997,5.032018962587488,5.2072063103931745,4.263361486339911,5.651234498556283,1.0425053238261652,0.6356648330249155,1.2343779526988592,1.418958259124894,0.27147920047515545,-1.8927567724651195,-2.8881215930703186,-3.013346908450867,0.13718499549049262,-1.092241005572838,3.988023603773998,5.111249507135496,4.609403648680208,3.9594331475394875,2.7631321418444577,-0.3873024743929819,-0.08404040256196159,-0.6870265157611242,-0.26964135917322757,0.9633610909388025,-2.4943018569365782,-3.8069093783547774,-3.414626863102309,-3.413094391254852,-4.711821410985612,-0.6319002775829707,-0.8167860942086231,-1.7635266871143764,-0.801808917222188,-1.1872367808133661,-1.7303891342474198,-0.937950721008556,-0.0841800266264588,-2.242015367649973,-2.5203653837644624
5.4185324848096785,5.6798017369420455,5.593461570310956,5.4300660327784716,7.10301007048627,-2.0931979244107337,-0.22919944923891392,-2.334505876067946,-2.3226114272786798,-0.8036877346605591,-2.296896573376934,-2.6935170654927965,-2.109708184720936,-3.4217463002468143,-1.3947822946823436,-1.216292018175077,0.06789416700413171,-1.904210257192537,-3.201012729672574,-1.637730487629883,-2.198860876980301,-1.5688246348984551,-2.979874109261217,-2.61571428534206,-3.8397340238480395,-0.9180072582819448,-0.7452993373142938,-0.22421377029549608,-2.0798722143862833,-2.3732733169428366,0.4683575666204846,-0.6576563870419208,-2.5429635030844593,0.4308420737456308,-2.6265180777022006,-0.8282513800597946,0.030203180944062345,-1.932906311187334,-1.1748549564152273,-2.9131013860098673,0.9033173461586665,1.8492965114843047,0.09611831845461384,0.6595092352914692,0.3376572018374006,-3.444377463278583,-2.9531561407051754,-4.4262010172037485,-3.616959320493491,-2.6563667287309554,0.12218908835263104,0.7684467066080403,1.0365386539901884,1.5049527844237753,1.5829514592486762,4.203676719383864,3.7619835692502477,4.548161730664787,5.908433121611573,2.6173252415984813,-2.5221901317581166,-4.29920694486099,-2.2903919389558043,-0.9657631432303201,-2.1487049677526553,-5.573405514870439,-6.910806218311146,-3.4168190855885667,-5.323185399967383,-5.402759978383864,1.6673597580553496,3.0501926453710886,1.854371928254816,3.1633368357478377,4.07890784768491,-0.30649478302180166,-1.254682057626756,1.4385503272755928,1.7711668616731135,-0.18632302314624347,1.0544616745735722,2.474193644984197,1.9596053643907672,2.3803614865789586,1.993171036685614,0.4704988589816557,1.484975051405513,0.8582704773638639,1.98918367565431,0.6727113812137228,-0.6714456225557164,-0.7922083040193574,0.3969826720401642,-0.10503938480254012,0.5085482581453068,4.206809216810422,2.89697090857434,3.8967847659135795,2.697147953781471,4.168799526212564
2.3093818136927364,0.17703240715255697,1.3071442146829308,0.9695788841243513,1.117532403504044,-0.435798642548498,-1.012917913538549,-1.1417473100291553,0.03336488076161964,-0.8186317247204977,2.3852510249341434,2.748777070879082,2.154095387563983,1.6576839058408113,2.9950842273429847,-2.259310791934972,-3.7547921677105935,-3.4584795716115653,-3.911722984242117,-2.6595260211474345,-0.9944025251906268,-0.652442558038153,0.17087223862070522,-0.5483279810682825,-0.5081990001017783,-4.917134323524707,-2.6364945283712755,-3.003682590017856,-2.7462002051693184,-3.8498996165644264,3.2423149725007407,3.5457352097156254,4.287334699860441,4.231221527959398,2.90933682653833,2.555657302835593,2.179912736567289,0.25048959271967075,0.7696350223886887,1.3447527380467967,1.2303337962470322,1.9025164617195816,3.2232277099340982,3.0370477234276367,3.4486599134849096,2.0246801839678925,0.7129960228048485,0.826315515606706,0.8435377273737741,3.245781248651025,1.5207872125728743,1.625355747446956,2.1069888710092814,1.6425658449310443,3.0692205813874045,0.9137694447920541,0.33870072162553716,-0.6519398750498904,0.543074044865216,0.5906777012807805,-0.10133635236923148,0.25984230153132587,-0.012566376619605496,0.24396313002222791,-0.1417595158334367,1.0015929711907499,-1.0895336585676667,-0.7991074622359446,1.1790846192245248,0.2976330486597802,2.266769885405903,2.57998456069284,1.4552144766601216,1.6555966644005295,0.035031126463034475,-0.7937495896924605,-0.7069794044655846,-0.3373839384509398,-0.42370113573830764,-0.4347646607956174,-3.0965235462718534,-3.2874686128326744,-2.176105889397565,-1.6308106924235983,-2.4070044463788642,2.0018615732183678,3.124473769375302,2.645069871651081,2.459819365003197,2.7502602270055596,-0.9145478430387597,0.7852540141021254,-0.07802195634837052,0.17806638370490707,0.016464314190237295,0.8590926239582121,1.7370435294725568,-1.1175534216476937,0.58954734936368,-1.0024355653382673
0.16347395552350655,1.9046764339041107,1.183247792722343,0.3640775861497608,-0.5037987100133994,-2.8549413934511807,-2.0824021413225196,-2.6254005650982952,-2.075497201157066,-1.8686597686979562,-1.106674862174733,0.3072634702740059,-0.6738917809484993,-2.9613977477557585,-0.12298840916114254,2.6116948695517377,4.0255158831167375,2.6425652541823124,1.3922632300237563,2.5733621323977087,-1.396780667143537,0.5539602890003029,0.24764864519463448,-1.4559691223902835,-0.461007335613185,1.9874657088373044,2.3182829518888637,0.3351053326058588,2.610718128132276,1.5574539290170017,3.4672307833304723,4.507688567847132,2.386083140419572,2.936020149389583,4.18655082884775,3.509540108037114,1.9241814583895467,2.4535138060624733,4.28892117582891,4.082515857313529,-0.8565755413314696,-0.44747124463792587,0.1082424858829636,-1.4946990256627848,-1.4380679061039352,0.24386067860024763,2.612251608494867,-1.4948094347680598,1.073033704039583,-2.029850764043424,1.1638000990594357,-0.06108235545284682,0.0009753117013942416,-0.6460714687285056,-0.5357717027187705,3.4657263291559817,3.8673806162705713,3.2608368826192313,2.7840864972693358,3.113046126963255,-0.2823139688958955,1.2723093132775287,0.8651831727579603,0.7828898727794643,0.00821701177835537,1.8252252667675666,2.0567499342446283,5.011356898970775,3.2082151319121905,2.820696092710642,2.101984292822452,2.16631612904954,3.3727079288987696,3.2752980361862063,2.412179863107097,0.013554342981441916,1.6596822007307774,0.7349532784840425,-0.41866181981949996,0.3862323142971645,5.577921497550382,3.775602851674663,2.5646354919511567,4.03234907937805,3.9530136859236937,-0.9212417481029884,-0.973988720309783,-2.5041529030903433,-2.2301121640559267,-2.9995836251351315,-7.486549787165418,-6.620009446309219,-6.612295362623514,-7.736094788768817,-7.325064133894339,-1.3858483157113979,-0.3529288643446477,-2.293132363620252,-0.7949943943890467,-1.7744130667890288
1.261188222464136,3.1340643246420217,1.3637866100482403,1.7056425996746614,2.0937410365003855,-4.121612476357634,-2.805254682309588,-2.368772701175393,-2.77300157791597,-3.3481106197324517,-1.015329217256744,0.0802983544888359,-2.908017553765508,-1.6591946265533732,0.11899208429546748,-0.303094296840304,-2.307801829512744,-1.127439936912443,-2.2611563205887135,-2.4453246794595147,-3.723032893944076,-4.1272353844923995,-4.385870350844263,-3.920995046012149,-3.69714722722479,3.579443612560932,2.2010309542496045,4.674450928400447,4.4262381888629285,2.0878924625720687,-1.2910502789091016,-1.0732771527671214,-2.234046654716293,-2.2402659672337744,-0.4982976413702312,3.5074239631178576,2.7344390718784304,3.3683463849646493,2.277254025182591,3.580159405742095,1.2821191914807635,0.3437164155062175,2.2039853391993036,1.7957850972084455,-0.8153975926440683,-0.5980245788151566,-2.211451667663964,-2.509724994873383,-1.659501182521598,0.011704315463586005,-3.861568497725075,-6.761107723324966,-4.863931576953334,-2.8633380191170517,-4.876437947810245,2.713145683793682,2.1569926510366813,2.6395967676712524,2.4421768628572713,1.3014818972988778,0.5423706831436582,1.7895874656173476,-0.6109510630171264,0.1878515615576258,-0.5449780634696128,-3.038745619969072,-1.129668003470806,-4.1781726404933845,-5.558933913701227,-2.7298305608295355,4.797700591511809,4.127018020039115,4.219257022631787,3.4732132576161465,4.817417335820219,-0.20174141933743323,-1.9862858022854444,-0.7711336648429826,0.47556565978935395,-2.7263023673686226,2.781134151696829,1.0799645712249837,1.0156874981924753,0.3041136794831559,-0.745549685717303,2.667166121643202,2.175963459826154,3.4532940102651453,1.9214633721169598,2.4674946505157505,0.7593401936406955,-1.4798780780504488,0.6600477924804519,-1.0799506955010825,-0.9692093833267242,-0.6707197671701419,-1.872911538214484,0.5186076884904458,-4.458962879254121,-2.07550611068866
3.610438727281951,3.2423898749278646,2.2288299498953887,3.796165841848708,2.044449895370677,2.3866298488205557,4.5379505306091925,2.696901064021925,3.3039162550397334,1.8079642057190632,-2.8674396864662084,-1.045514457261809,-0.5683395870528036,-3.152746768682184,-1.7251531621942644,-0.5913134214283825,-0.5867493301173834,-0.17323864062089495,1.7760462488331727,1.0223088258893314,-2.113921081714661,-1.6162089181433406,0.16199020482518367,-1.2405085558668745,-1.9852632090960805,1.495107099381933,2.781021840587019,0.8425976446351692,2.097753273266145,1.8039485889571953,-3.2310827704973883,-2.967960071522972,-3.836092376733302,-3.340681011772276,-3.9064999044253113,-0.15584506993878483,-1.0027921710426297,-1.388664398628439,0.20668304818722605,0.27209713155538157,-3.827988485012119,-2.9161089318265985,-2.063724336811581,-4.539400087582221,-3.741213014525397,-0.7941721350731672,-2.6759554606507323,-2.9366533689094254,-1.8605623981218025,-1.4217780329123808,-0.21519645224072725,-0.9391462746263664,-0.6036356799732076,0.208573843867555,-0.8281150825530068,2.7172494831888936,1.688638958585821,-0.1518972301539635,1.9437674735535428,0.6870518437477778,-0.6682151521027035,1.7872712927453724,0.33212854827139165,-1.6212106309258487,-0.28328916032314705,-3.459007801434622,-2.7570132882764145,-1.8978654414190557,-2.165078366238705,-1.6340314664218152,-1.7808743276103085,-2.0102672193030693,-2.6549524241060953,-2.0809508985973135,-1.510501992198669,3.2640206963081275,2.407539056766748,4.09650114394828,3.8730890168270093,3.560317781948826,-2.4568071325882888,-3.5984493097533727,-2.327190980361215,-2.568734140966862,-3.805813400695579,-0.5103342745796553,-0.41888161098932797,0.7316241952017001,1.8627800843841718,1.4124109524228807,-3.646952099735594,-2.6704833799235606,-0.760035610384385,-3.019451906415673,-1.6326793625516491,1.489868554515025,3.148326438423666,1.787579520773201,2.2696290202208345,1.339705039707336
0.5035685888394155,-0.695440578512473,0.3855845487972512,1.4566850006053842,1.0546957844386486,-2.1897115655489863,-2.6335601577724232,-0.7482102146339459,1.0003609681178154,-2.171870780381763,-2.1096494774459558,-1.431826560068352,-2.2107189891281656,-3.2598690828886885,-1.3043992079531659,-1.3222085438893643,-1.4646776356413027,-1.067072522528007,-2.9489133885471173,-1.1179043040156127,1.2098891577770483,0.949913562057735,1.9006554736857033,0.6103858395488783,1.91139055833025,4.567649629148472,5.289620169078882,6.0555421049374125,3.7653037767351,4.70979571258761,3.343917519092903,3.0307383337692135,2.139974402090888,0.67106987149833,2.3029465431992784,-2.2048801512148617,-0.545785816160988,-1.262400943282309,-0.5939150273106035,0.5197624347891074,3.691665645830909,4.423188792980621,3.3151460221001874,4.088673946489453,3.668996021150643,-1.4976709707708253,-0.26049860018814547,-1.0111736308612358,-1.2625878134716841,0.3973733163646994,3.1782171848376195,0.8175031269755879,0.9330684851716167,0.8582580065911101,2.701228961607202,3.5357450754800155,2.337724494119329,0.7592976878290594,0.8739719225957464,0.869141539815195,-3.092154471258073,-2.869589948180982,-2.389815852045744,-3.830756665966429,-3.9245840614757292,-0.6342057180029845,-0.787136194900109,0.23815777555160553,-2.0045009691032405,0.040670581808419995,-2.4874168651137207,-3.6519177124714832,-3.685835072369368,-6.058410519134854,-3.8309730768757784,3.096705738650789,3.8687470226510463,1.3857943304197002,2.9641018238128445,2.1981483485773508,-3.816557461958401,-1.6539049228338067,-3.30894399306695,-3.4143401631801726,-4.07478622074862,-2.410582380858333,-2.5190129007179176,-2.0900625547308653,-3.60822392858673,-2.451507701101681,8.34377072511099,6.606413233519985,10.23153556666271,9.110985459215192,8.797881247744607,0.2555485916165967,-1.95217398742175,1.894098609652284,1.1200418685977938,-0.04752069617602495
4.390288870006694,2.3611713051090684,2.407121427536038,2.329415549378093,4.277491810059007,-0.3286245076581207,-0.3284310533402701,-0.18105497214212574,-0.8319641628000467,0.4164965826374064,-1.02204012115214,-1.1368553069331147,-0.14843607022492916,0.5028845980790102,0.09161103554544713,-3.5520756415313666,-4.116333043891034,-2.092990504967776,-1.6874999562734248,-1.7948832404058968,-2.545228490420885,-2.545375170248807,-4.753078168959772,-4.609790464531146,-2.777877771959929,-1.677906800574432,-3.0965398790606726,-0.7207581369361113,-3.576260456304076,-0.46836922200041375,-5.431650932396501,-4.33963474487608,-5.48537685922401,-3.0572723186758033,-5.026311828871852,-5.936464146782846,-5.912784617231815,-3.5299906767864604,-4.1292001933317835,-3.346142508154909,-1.9309911526051968,-0.17291005297171247,-0.35941207889031745,-1.7641514015364683,-0.30975672597234954,-0.28270885666211476,-1.3723660298987432,-1.2404196924409994,-1.3572757040679249,-1.118755675655643,4.634108033601412,6.227151953490441,5.584530828953955,7.265120152647521,4.147331356536993,-0.4254815265499336,-0.9560461653235182,-1.2748649491895645,-2.158404029987404,0.2072993019731348,0.5819977582783789,0.6874360975236455,-1.7415396211913403,2.2454734511764203,-1.700112982017072,5.2782400739225945,5.327934184461924,4.892840526940299,5.616654269794806,3.1775466372206886,1.873664429463545,0.4639872370794825,0.7046695757702279,1.0340997669023952,2.130143181455393,-2.119206455587615,-2.9874190769665003,-1.4528892767802248,-2.9877685910543357,-4.227648722673315,4.777661412050903,3.376074692092504,2.856740995815419,3.732871746206098,3.079510047097358,-4.379084887165308,-5.9326512483820135,-2.2850506849428625,-2.662572173552764,-3.3429688670535254,-0.1337686713150132,-1.7420793756145687,-1.6647472161405945,-2.162083264305051,-1.128494092777779,0.6279418451619911,1.2967558674789588,-0.5337895905489529,1.3368791176313923,0.558145168494146
-5.0860653661920106,-6.450307754611059,-5.848625059014908,-6.974354812461298,-5.253189956462613,4.389735249713119,2.8114049238347363,2.681575257570006,3.692197370290396,2.038297937041999,-0.834909973990398,1.4341621700333045,-0.2963761850526574,-2.109518544252283,-0.687147890900755,0.6483534872863828,-0.2118326357398458,0.6963999171299804,0.17170200538389652,-0.28439925819264483,-1.0864419524400781,-1.8381758271803115,-2.162608343432255,-1.651116053478333,-0.8472574781563511,-1.9209304854236842,-2.7612662928804173,-1.2532030571069184,-0.9217083388768847,-1.5223108449106884,-0.9381560887145323,-1.6128025570980002,-0.9912097435034337,-1.2548592253238995,-0.4173049186984815,2.2837740775685624,3.22479037091603,3.3657292870114905,3.076984895946805,1.9639686211917622,-1.2202883452126494,-1.0425603801475032,-2.1007637377561665,-0.5544811298807905,-0.7602969116247449,-3.5948993447331574,-1.2418403709179968,-2.293728567286818,-4.325613359881412,-1.382264096197822,1.4633868032043602,1.4571037899878716,1.9659984654701546,0.3024046061453507,2.19751414927235,-5.014895757810934,-5.978896788663059,-6.66458498318709,-5.27260376662057,-5.5298558003193525,1.0472255198833684,1.7250089755084637,0.4420289438300593,-0.7822501335394049,0.9477988239854929,1.1297724099295559,2.0228325178720534,1.4032329929254332,1.6009151899385816,2.9629070432039804,-2.1024189071508586,-1.9521398046211622,-0.8351087577699403,0.3992206978272464,0.22629496597710608,0.2730538290789144,0.5560957358458107,0.7462157060162815,2.0284628222707486,0.10223921111985355,2.7803888727235613,5.467438605499815,5.234272193872883,2.5436029249350596,3.6444888420784043,1.0966833522060875,0.39250029479085263,-1.6438998641669258,0.26671121081324706,0.2643356304229778,-5.652801311769726,-4.765601042153964,-3.964997683410941,-4.26232195927464,-4.312438207053604,-6.090687880760646,-5.78751249408765,-4.608125713819339,-6.370535596434325,-5.954561158189366
1.6609817269199738,2.662189379678183,5.043079752307109,1.2291258707518822,3.7793576942145206,-2.2203295698662546,-0.7811459622413882,-2.280656709154247,-1.4428843521630885,-0.6964737349434501,0.3743829514927288,0.45661877714812393,0.9333745930779231,1.7249980432150955,-0.3070293279688651,0.2512692907473755,1.1669798934490616,0.6206723300332275,1.55384249323546,3.1169938433272586,1.9345786778006309,1.1596202910284195,3.4540912177527097,3.2419112163075448,2.2918605684734534,-0.8239245065793831,-0.0306909674253466,1.6487008997933235,-0.48885986189056063,0.07259382103765222,2.223849423281672,-0.47889945294281033,-0.8955727325648546,0.13196130939267126,-0.11618346100236682,1.0476697216782012,0.25938510383265534,1.7467103231388426,1.4502461002074591,1.2823853371514284,3.9790428834700884,4.281429910683005,3.9932700248246946,2.931311722520795,4.8300703176990885,3.598370832282925,4.30013497863742,5.633170718799789,5.187777607982192,5.842477958784301,-0.6759739317372161,-0.5309848688607527,-0.835813785333421,0.2789966758447888,-0.07760027381053174,-0.08364423229447417,0.2236708031791303,0.005862021650135429,-1.4096282056328235,-1.3001803095909477,-5.223339571945531,-6.071572879282212,-7.764184233877684,-7.502825757575205,-4.847829692073067,-0.5668444981021845,0.9078734637194532,0.975331941073753,0.6682698565033148,0.58588231386604,-2.76680999160375,-3.0141981685856067,-1.4018506290658903,-2.950184683941132,-4.562689919489287,-3.151114073410265,-4.784584402365071,-3.535958520417249,-3.1013019445992307,-2.6230281240459195,0.3302785041232058,0.7559977962867998,-1.0250782859107723,0.18469993294457612,0.6326996641514522,0.5857905196804382,-0.1727662492253676,-0.5859320141703889,0.8524678770966094,-1.784534153305227,0.9683748081310799,0.037872125724025235,2.471777320980124,1.1965071900116688,1.5098429911587923,-3.09771650975727,-5.544666583043503,-6.9794425642297195,-4.591542513088637,-5.326725335815701
-7.6662434356881635,-6.600075876187723,-5.828689811754521,-7.47477957056,-9.832826880703438,2.92258192071411,4.234932141928511,2.0393466319333844,3.380143323095737,2.8894660215864176,-1.843404668258242,-1.8281173343563484,-1.0666227539532653,-0.7653055176718213,-0.5206774473662371,0.6650322672587212,0.8775084106466812,1.2404616948434701,1.2520743529974556,0.8308498243312334,1.9770927804033327,1.9377456487215767,2.451336530523252,2.306375237541392,3.0304154232355343,-5.618880539029768,-4.864531586052916,-7.777481945187059,-6.0996384312832985,-6.731988459991972,3.543663878560374,1.885095994638175,1.0648144357686762,4.157168504100244,3.7961872279768296,-2.9327038419446496,-1.852351862606038,-2.565760801270182,-1.3974849814638557,-4.163539725068367,-3.762409980307706,-3.2369751821756045,-2.73977225130219,-2.3177855227162363,-3.8313485633109146,3.0495757576113696,1.9167839989830586,2.5833381713026267,2.339562338023729,4.668027680588147,5.1093416855136065,5.1770471873183945,6.850048159934818,3.9952917595354185,6.164589777814219,6.053184976007442,4.016229690885226,6.051595278438095,4.672182516294928,4.825754391271104,3.7264491329207576,2.945062092768109,2.1038140188181678,1.1576628654428514,1.5710146913459107,-0.3122733941891907,-0.3348063236013851,-0.7013531880634895,0.1697312813494097,-2.0248850880891744,-2.0622469751864907,0.6244497292497454,-1.7080501969001254,-0.4691641516970533,-1.2111602366181755,-1.9276455181996786,2.904828737140724,0.82854668024258,0.1576422815276716,0.7565343785721551,-1.2600618607248477,0.768633727752016,-0.5880172281018576,1.6277436621061199,0.9667996138106119,-3.2110293541090242,-1.7615296129702585,-2.9559801617951442,-2.3096265498304733,-3.7759354008488324,-1.9203759433583067,-3.884197603676152,-3.0167401236913514,-0.982362845359936,-1.2481202895717793,-2.427612068227983,1.2642366585508962,-1.4316037050057782,-1.697442627594527,-1.156902615289648
-2.5764509338520973,-4.052702328405699,-4.313048028023989,-4.311588557442424,-3.6941308823175003,5.066490235722716,4.635706727359184,3.088276242051753,4.38059425580933,4.464529508403676,-0.16525108804079508,1.7007300592839794,0.8934025355848805,0.23189839793237127,-1.311026451831181,-3.7064250131246346,0.0980378987984254,-1.6519860030451925,-1.0599066397125074,-1.5749853447280489,0.45144795463359133,-0.06435829190956069,-0.3627732392797159,-0.5445042242124002,0.17294986969507442,2.3180372597958883,3.9142927755763126,1.5771687155295273,4.157544082855619,4.7695729500507404,-1.5336386565139162,1.2817371248434246,0.20434433428016763,0.46248540877510835,-0.09023751676650217,-3.1274806883887054,-2.2724772028916167,-3.257380520256622,-1.519925937676947,-1.4408126890755073,-0.7664851605201172,-0.8955630814045822,-1.5397791124433982,-0.8176480290789241,-1.1204566665500066,0.4009002914974569,-1.1203198081711003,-1.0228551226042857,-2.269541579406676,-0.5589674441354733,0.017775604913113804,-0.7028003547543904,-0.21668277466193597,-2.8892592075556145,-0.6324401234159357,-0.46684644467803765,-0.08863511760988411,-1.0933382591866694,-0.22572618811181794,-0.07052372224568511,5.684402245399884,2.4628504239216955,1.72077067523793,3.5929359024538483,4.3976738071584345,0.4536156674129978,1.16352795121513,0.14898266016089293,1.5790965086795905,1.1019832409427683,-0.18317290870598768,-2.6649908668699243,-1.6487283890471254,-0.5189216789125681,-1.1828611251558974,8.610507451973934,7.931094831493173,8.956384339439385,11.35617331903238,7.955824297782658,-3.7744688829622772,-2.0710279320531244,-1.8397176854940627,-1.0376942110248075,-2.170985160578149,-0.7638965877256207,-1.0027527824959694,0.08169420623655402,-2.3910436672828115,-0.7786937853255615,4.327534361997613,3.8633609199664227,1.7569242102042621,3.196012674024429,2.45479753742171,3.5989882657786647,1.3270821570446059,1.6873351702730068,2.5815355701662788,1.5431668469583182
-0.14869777689620897,2.4569011189243923,-0.20891195554384331,1.2181053955766512,1.7815258716749705,0.6471130273906764,0.3700775016181105,2.9548001630043057,1.9838760272987732,2.0700010093293004,-1.2840836257263037,-2.3459715170516544,-2.5095843125216803,-3.251714523469997,-1.113320167688904,0.9869510389440849,-1.7130680711608526,-0.5411091437265628,-2.1858980728858524,0.08723702891098198,-1.8584476368080285,-2.5305844131375363,-2.0137585610519366,-0.8787028943934584,0.2771771241114125,-4.07021246829384,-3.4311023067690907,-4.24921088604446,-3.712604307157085,-2.18305633721758,-3.3357825932064675,-2.0326637176117273,-4.0394312398938155,-3.329177095670707,-4.4299593292454675,-2.3289926385934314,-2.758782043174489,-1.6579564556731106,-1.7090916430574215,-2.487055394854007,-2.8668034954166677,-0.6218223923371236,-2.2170600838326813,-1.5949551005009168,-1.120139429823995,3.409173832242125,3.8204083055822586,3.306780709812115,2.934992223121335,4.918520701995441,3.1987804005125207,3.986021438678702,1.2018374728828976,3.7868956534039353,3.875127743004245,-2.126155126586776,-1.3836237139105345,-2.7316008044435724,-3.16542549758014,-2.3696860181335286,-2.1862077625809615,0.009397195045811584,-3.116831496158066,-1.6491562139520957,-2.368828182911872,-1.189777216350027,-2.2775827280464584,-1.0498155337087085,-1.8086315345088735,-1.1295299713326965,-1.2480291594409898,-2.0316913744617144,-3.1924004774878667,-2.4638394242641057,-3.154530194760948,-0.11850542007411373,1.9878139868952822,1.7079905984026624,2.715634942195569,1.6777860350976168,-1.6994537418369617,-1.5869304114237446,-1.0738487274009891,-1.1466757497184388,-2.620924183169208,2.847075284539806,2.7706596855107777,3.8347072790793053,1.8451114975913419,2.9299664460899097,-0.31346873206875797,0.3624166008866826,-0.4985877250402489,0.22433317885207577,-0.6721872504886811,-2.1394481159418506,-1.508181470688068,-4.073398638725357,-4.106301106322718,-1.5433427266085475
2.1040511073342016,2.079497552643347,2.811413668330174,2.600521921156138,3.2828977194103857,-3.2889086979583713,-1.8627133914064247,-2.8889084410494226,-3.7420488057314465,-3.926562496251655,5.840209942618912,5.146786099103192,5.436506120752907,4.730948624730622,6.480091541588977,0.6581540268610341,1.8586256193050013,0.5995450144551546,1.3056121258940812,0.6768963759591607,3.494737277517652,4.86284197204939,6.876379413342778,5.295505860981208,3.19641991298131,-1.2990602615601834,1.2500600299160767,1.873455336658129,-0.8290605205439973,-0.7011757690216781,0.6226901590685906,1.1094666165371754,1.1907617021900008,1.4534742715010682,0.1946296358638384,3.6216664010811837,4.1302900004135115,5.827557828238813,3.809828019034912,2.849832926610726,-4.101882100567148,-3.4849753675542723,-4.896708306703664,-4.542066176983197,-3.688539122899852,-5.226587845787659,-2.941107599541488,-4.053657148921674,-4.257329641208418,-6.015344248435368,-0.08958392350243005,1.9964048212798737,0.27579012618147203,3.0449390885969225,2.8896225797507475,-1.514665663177257,-1.5378472079914212,-1.4284640693717825,-1.3734163369938226,-1.654845751709724,-0.9080149867105024,0.22382784431511035,2.050486742630366,0.8941326223475043,-0.11947694134618676,-2.1263107782161152,0.10627555264358186,-0.35433707308634543,0.7355665487445806,-1.8636961135920485,-5.180380060258229,-4.473550507845662,-3.6619995645782852,-3.475085411267449,-5.252510382522422,0.09590385148889753,1.596147516034004,1.7101123021192712,0.4431237146567639,0.01977798785746375,-4.520025942593085,-4.8008213872914585,-6.342681739246296,-6.223777657629887,-3.8974932114900502,1.1850299013419359,0.3148200494331746,1.1812836326118588,1.3746219393349013,0.09064636609307077,0.1655789864318906,0.30917917874859635,0.3851004792223119,1.7338522208916145,-1.2477041429324092,-3.633074583965603,-5.796486663907724,-4.7457176763552,-6.776066477406029,-6.231198972008489
-2.9526683319056257,-4.134794312392768,-3.3814170125452363,-3.9048228286907376,-4.893300269982578,-2.8725958572652353,-1.8480146005052671,-3.4498390245994566,-1.7249521477834915,-2.302552497685811,0.5770550791464066,1.1667415623797945,2.3466545598387465,1.0335417471817858,2.5300841203742896,-1.9148897097252648,-1.0961828208727713,0.5691610597343884,0.8786842429782648,-1.735655057643947,0.7467419912628958,1.4607287570037906,2.4754639149687807,1.581009724403537,3.398376495768878,-1.3309730170511358,-1.4542282096139627,-0.9030918823308962,0.9429259105876936,-2.956126840334311,4.207252188264995,3.867512917870978,3.6790509219942726,4.743560889550968,2.8246357766962356,-1.0422809574709015,-0.0999541204858313,-1.9113696720752835,-0.21475580144751938,-0.5798727321746882,-4.66390698851787,-4.2803111929107605,-3.9019222493204704,-4.032082997855278,-4.721288219241914,-2.541085965735385,-1.043862943999566,-1.6624231369171543,-0.9204715748661261,-0.25302578927796837,1.2293936115198023,0.015964055636567442,3.253102039405636,2.204600338264241,1.786847808123192,-2.471517667298515,-3.7999668652220975,-1.6048360322474577,-2.8543634612938176,-2.9341263957767083,-6.014112265295102,-6.088262331708412,-4.534763460602353,-5.726451054868403,-5.699837655796837,-0.6669532184827888,-3.0964204205670343,-2.4592359111398876,-1.477240974603061,-2.816458908536001,-1.6881493378012038,0.09391532663004071,-0.43136528926211465,-0.060455261036179014,0.6871007291553722,2.828314365320722,2.59170615480666,2.820400859017517,1.1042570224947066,2.197233417450967,0.2509920305336141,-2.0360817440795347,-0.9109481162132775,-1.8925494796461775,-1.6791668585372475,-4.649936302827352,-5.5227817020739085,-5.010561266205354,-6.068103513667726,-6.405219568869558,7.169053250608711,7.42299669120846,4.632898133452555,5.345891493685993,4.447012892156801,-3.2643489738638523,-1.5974431657643606,-2.819910141421388,-2.9397549097977063,-3.439289058993164
-0.8807446023676687,-0.6741343750614874,-2.0822799133087573,-1.270183032039263,0.24281815931991035,3.549843659976079,1.3132373134685609,3.2540917963386398,0.35019887141681927,0.7695057502432004,3.2300724549599233,2.9532274216958796,3.6673595892492616,3.505355402605614,4.3103348993537445,3.1893854468281955,3.1666710080696663,2.4159554535366627,4.150897299200719,4.707480592670359,1.2570888034393937,0.10467084090370446,-0.2150180549905939,0.8929974880846308,1.168360404874421,-2.3395752455313095,-6.141434605684124,-3.7125100465908623,-5.683714954858872,-2.9998402015709567,0.6829999109473923,2.0026235753621595,-0.15867101522237712,0.13808422666517642,-0.1537573690605843,-4.560029529984935,-2.3799481918585568,-2.826839154399174,-3.310244931953268,-2.3625195115102584,7.362827049912165,5.628033419712382,5.816227001621045,6.0289656418107285,7.480152422847953,1.99595862291665,2.3207941694238734,4.003489144635119,1.7505666110894973,1.9954228811296466,3.867924427904033,3.7057858742440013,4.324545014274665,2.537745756521851,3.663320879988457,1.803196157650127,0.9498979431059354,0.36889232858560356,0.534508726011167,0.29366609668336774,-1.9313622553431518,-1.9070955787876311,-2.335490074991053,-2.0357333357667433,-2.8714923800132635,0.5207608269902664,1.202403564925384,0.9782753594561864,1.8237156872754825,3.3371329288217035,3.6971579658434988,4.969768172620951,2.5497325830029585,3.3128765258114106,3.375581955007491,-0.4714966509994363,-3.8131564579368646,-3.6509519405291564,-3.847495554746029,-1.8524951078068674,2.7975717817686827,2.134530631875927,1.0521350078998573,1.2640869395229892,3.7168529496689655,-1.1923330533290721,-0.43174226188112513,-1.4410839941111977,-0.08613523713024038,-0.7701337261495491,1.9172385419978362,1.7572395033461674,0.6484060470543751,2.232016082614268,3.0127443596740617,-2.232277824209921,-0.18574247742765623,-1.4536932622338152,-1.0838823956072592,-2.484559066386562
2.8509277928301215,1.971083181181402,0.8136335732017717,2.7956502186808803,1.191020247476006,1.3424727650918882,0.05678064614621373,-0.20183005456765618,0.21110654224432943,1.4205567701079647,-0.341414424329767,-0.4436490237329314,-0.7358611319035266,-1.6592798757188882,-2.906264787773056,-0.9969478907839121,-1.0519861640134052,-0.9365094123253807,-2.2272422693919767,-1.9909725072555076,2.856265086226916,2.950989789904154,3.404174971013371,3.944718022647346,3.160930064143488,5.269789888234571,6.5711919382283135,5.431802795595224,5.304582236293586,5.107144816690556,4.870049913059804,4.563150034092487,4.931898991246665,4.915767794178669,3.7934629390908414,-0.5931087491299659,-3.567503452181196,-2.7951644383849388,-1.6166911958527628,-0.3069199105317805,-0.27964247436332523,0.8946121610936374,0.3304342064563266,0.003589406392063685,1.255721342319655,5.41808602438667,5.392187433356529,4.659518439786737,5.168604926121125,5.760375126169483,2.1877381942411733,2.1719463372150734,-0.5310769033604698,0.8754992795497456,3.2211041717108637,4.798606711199864,4.419308348793325,5.556215382736257,7.130906229174578,5.963759984033527,0.1620832636659514,0.4702457440470965,0.9226328843625025,2.0798396560743253,0.15167828029070402,2.0829374060459926,1.9439654193246183,1.9574737827071504,4.460308035897162,2.0056720173579006,1.6690668187069355,0.6780587230413148,2.423721760885151,0.9269427806973297,2.3299398316614135,0.7131524468482189,1.171056172928355,-0.9540643515515025,-0.41672366575165465,0.7002347374827241,-1.5818708813618165,0.33464930966962786,-0.8672119531402521,0.9855252302516717,-1.4986793652918855,0.8537392426924476,0.04256275688628646,0.7826703625487691,-1.2940190909403968,-1.2418058309105924,-2.9605648237483,-3.6823961886501455,-4.984355393823806,-2.2816310076549,-4.67505802215368,-6.368826253784016,-7.901194163401666,-7.3102027315098645,-5.398881069040832,-7.565678435374737
1.0628715265116364,0.38780323212713663,1.1319979066897208,0.20255073432689313,1.0726156644132092,-0.49847169592482327,1.9713063957955184,-0.9499223073328179,2.572442368287857,1.1914575868444757,-4.892541539061709,-4.83507247581647,-5.272059098081202,-2.8830162669862283,-3.9750568212904303,-1.857918108624627,-1.4626671045849071,-1.9971012214363282,-4.176708085602442,-3.4659845352772747,3.000114966175933,4.619204895179725,5.635078557366861,2.153482915634168,3.8795603546938375,3.711748142833258,3.508252284005561,5.16628028590914,5.994089732529121,3.4994337134464355,-1.9591550162151197,-2.1574359531206238,-1.4111230858272685,-0.47600527260444014,-3.3497449752024524,-0.17012578914234894,0.5403525363829431,1.2774431864052356,2.3168222094395583,-0.8984725513094661,-2.6423849865779094,-1.7178472906095092,-0.9303039011110075,-2.1196364901555995,-0.2522109325365905,-1.1491719424535303,-0.6159341055630814,-0.519314231995325,-0.5657895279979324,-0.9724817696800643,-1.9906815153204829,-2.3059000133416387,-4.500574929843864,-2.924010567025298,-2.8044600931589843,4.097409181641832,5.2733077137435815,4.287942827198313,4.497813566713813,5.233492774998013,0.6830996168101563,1.950215291368717,1.8164728847095732,2.05454773604166,1.3780404933606574,-1.9111759695356412,-0.2102974494551378,-0.502228286365874,-0.17437338874028227,-0.8131007437725519,-0.11993446522472853,-0.18168961440691994,0.2942885398758167,-1.9847561683161086,-1.381337417951822,3.528239323875343,2.193589460555005,1.438894439774567,2.567992536122839,3.91263409426743,2.242624409026499,0.6738241293212985,3.3697658724850306,0.7319621685332172,0.5663198092021193,2.9790175179053864,1.0480447577410315,0.30789178444384285,1.8972154111953166,2.1966408768709065,0.3997239876088845,-0.49270224080516667,-0.6309292034928848,-0.18930566085255135,0.27039184682879636,-2.5431688012637883,-1.313909810064417,-2.231794213284308,-1.1977315891649944,-2.7927599396356206
0.6135642067860025,0.44997239504343617,0.6550258518224606,2.9188452059284087,0.9417217270064263,-0.37808180890086573,0.9349392867900606,0.9600890754927733,0.20715080994921234,0.5510003693490024,1.742811593243677,1.1646118454881762,2.8753607063397224,1.4928131475119681,0.7127743629073172,0.9618153776376916,1.3049181250784574,-0.47795017833936704,0.5261292370948155,-0.2237635812219149,-4.215769889699243,-3.833496092006358,-2.8136645388934007,-3.9757027235465903,-5.045464363847614,-2.238110938428357,-0.8928034094237619,-2.6375185209121437,-1.338563055187168,-1.9157783244525994,-2.3413685490185885,-5.583763722251925,-4.234968977610011,-4.049380584196111,-3.63412845532515,-4.442143010135845,-2.133646567352189,-2.143032443464249,-3.001381905346389,-1.1714141813012533,-0.9533914341389815,-2.0678720099431156,-0.30124632716475896,0.45673642767471284,-0.4718616583311653,2.735066593364669,2.363959558176208,4.152924858303747,4.529562744493108,3.682606602413381,4.404312857436607,4.219186346212304,3.418703719027349,4.1067787722174085,3.07396393995178,-0.434493337137351,0.8878630263666454,-0.606603355579877,1.0689885902009464,-0.6195843407325253,1.4442951893749627,0.902903474262009,0.048472583232989065,0.9276080940180811,2.555560494149525,3.9443311345299783,2.705594416554313,1.9113349954807801,2.6155301600541137,2.268943032493719,-0.9974276107842368,-1.6718362171173549,-0.3142619127662798,-1.4040704377173139,-1.5070267157106387,-4.141083756901938,-2.596180839579237,-3.69266350612699,-3.4367134948826434,-3.744790932976664,-1.161465607353438,1.95128970415015,0.003185898462986245,-0.9761613557105266,1.1627596801287057,-0.9753987673315244,0.7522003907427469,-1.9409215379516402,0.7587731349881689,0.17038813706425632,2.0571478718550784,1.2673727408786082,1.9623718966131938,1.5147346595676618,1.0678268996154534,1.6638532620751554,2.2095634160129474,2.2806659539032257,3.2448856249953764,0.49877781549918554
1.7221817514989537,1.2328501335951385,0.597767724340576,-1.3055236171337805,1.3451368580731395,1.5996041161552619,2.7141837523646863,1.5919027037892859,1.603360149838787,1.8620009206797679,2.277270393376506,2.68398829832807,5.627701470830318,5.828938476616979,3.8910078203933893,-2.6609227549702488,-3.59223575924807,-4.308313104521874,-4.120777135783586,-3.623689849282078,5.297347825463292,3.0786640531103266,5.391788377828608,3.92499879154242,2.6287643161884673,2.673975258034703,1.8517166888497876,2.2945810410115417,3.9676994699324646,2.270324638448393,0.018725066206448492,-1.0663997484150605,-0.9781915054717789,-1.4272556240039151,-0.23389268814067168,3.024649154426768,3.3074026935586276,3.4855085445379337,4.564292924389614,3.512387359843643,1.1353632953989088,-0.215378254173667,1.5067116689641131,0.005110090007356132,-0.19023871907472856,1.6528344015637746,-0.32907038794103693,1.3216228614105765,-0.40240807221037955,1.4487811454826256,1.1916464732405314,2.27996607803702,-0.2523184752852705,-0.0641520407369258,0.2510979593252588,-0.061567308409688916,1.0271901681720486,0.18756029773098423,0.7606915300261842,0.10133450347187835,3.033233454376357,5.282024310018856,5.000379493540277,2.7499389681794946,4.1980687869018265,0.934091582442976,2.3368576975775293,2.591278516613722,0.9620972390102377,1.0816463238647944,-3.5379472706035533,-4.686997078352503,-3.6716721865214526,-3.8738901893572253,-2.710415804984262,-3.0818013832589295,-5.345456854807576,-3.5272584408161003,-3.2686090908864127,-1.5231055861206593,1.9476341705130675,3.0624722574709917,1.5972268874743671,1.1224054413733935,0.6262084783714384,-2.95450159079334,-3.1849060851589397,-3.3106310753073047,-2.946319687192664,-3.2125747941077214,2.24350615176831,2.3303279411864883,2.2704213921513605,4.5570599778984,2.1209899004154695,4.365901493286623,2.260558430456166,3.9775636117629483,4.439289288125965,4.580632611857111
4.0264834086768015,3.393596607647127,3.893956907825837,2.942408224443947,5.191228803189912,-0.7050476061115737,0.9601202389587159,-1.5229239396689467,-0.46751870091972336,-0.03979410903642949,1.8097992836358927,1.4409565969140308,2.068233015659864,1.3063165854819934,0.938995547667525,5.618420734003477,5.652587341040455,4.467223799504483,5.647585775139203,6.892017937174689,-3.660196255656393,-6.001347131120916,-5.511478405402674,-3.301892984168537,-5.3938619257235665,6.285493843479724,6.204595099147902,4.975645206630473,6.30279744493061,4.973243253653201,-2.9505434405629103,-1.6742003748141177,-2.1664411758272935,-1.611739027265915,-1.5150988891920625,-4.482604536303136,-4.807869489415943,-4.999612692476114,-5.113998290424023,-6.395211190948368,-0.07941898079622521,0.7200255861832586,1.784415465842799,0.03264476299332342,0.46477021552082415,1.2423524023283468,1.2708062480866604,-0.21179808336241734,-0.050986183260585016,-0.5904653517893137,4.595060102508015,5.893331044535788,4.908152317348905,5.817477596795841,6.104710873390319,0.1355189657021234,1.5020559260153876,-0.10964449684135583,0.5559901237121831,1.5101763440013194,-3.4057993822857666,-3.7361228440387495,-4.953800630319475,-4.377048000443575,-4.4023089121481025,0.936332636765688,0.9614084043483481,0.6280166976625945,3.331079825773609,1.6551531406661666,2.7021163025062767,2.9568948894776215,3.8640158854005904,1.622847871258458,2.8732849445969952,5.71207106000025,7.817028657595836,6.6827925601219516,7.350288119494781,5.755659577031135,-3.622431353295146,-3.8953125359123373,-3.279057787432206,-3.5807253259067466,-4.120166757655792,0.07444590303450752,-1.0003932006314284,-1.1751215745850703,-1.9225710924055295,-1.9009634193272156,0.5904319990017666,0.08306150910651866,2.153215571911081,-0.058302028697876984,1.5768976845498832,-4.543229655100833,-3.4841874974393336,-3.1295924574374765,-1.093026086851727,-2.753011480277491
-6.441143620109792,-6.8796513588450505,-5.498322138657111,-6.0652731353176925,-8.482870439671402,-2.3003724210021486,-2.044969293204945,-1.857497182444791,-0.9640753754937635,-1.3656010868045156,2.888653887552353,2.334298844614893,3.972166427999898,2.5428109233476976,2.083118943147633,-2.4467948978128735,-2.692745058851901,-0.9883347986989316,-2.9241677720489823,-1.4666634978291806,-1.883609833743544,-1.5972910572803132,0.42805785085706594,-1.0133870812300614,-1.9835943409098418,2.495132248625426,1.6513037227539407,1.4187846081270985,0.9860733550984356,2.115274711125703,-2.847245097812992,-2.5165302907275504,-2.8761833766424907,-1.145008921038356,-3.291524423690428,2.1571698680000027,1.3556577010073079,1.411912783958487,1.8650501780856419,0.16747999160102303,1.063431059479352,1.3911984651881262,2.615340883106282,2.109432015285206,1.1573545830837044,-0.5783585532207858,0.42262081423158687,-0.8088869423900912,0.7778932414814169,-0.6386922320404052,-1.7173232843976016,-0.5924865996489225,-2.7118807496764563,-0.48256499053940893,-4.357831349624949,0.5209899955635471,-0.4388758733774429,1.5837029197088826,0.5214601310792595,3.1118965240145426,-0.8057286245084812,-1.0862774899464132,-1.1148301968458463,-1.9785537396282304,-0.1253395653677799,5.488808825461314,4.955456184509865,5.891254400939935,4.755955845903946,5.229333309861064,0.053330339997657114,-1.3408821696476527,-0.5973263175039827,-0.7228362851901119,-1.5974474603800137,1.6059982189336557,1.6292460434885185,1.25951692459111,1.6525466900423564,0.7362497933709858,2.0068528188570274,0.9645043135638827,2.2807572154799924,0.4778350600829242,1.7935617106767794,6.180719594592772,8.314579977626765,6.071573911307774,7.634011488625868,8.138901301939834,3.340195246209924,4.873737550554674,3.976208667447086,4.631341194425645,4.02890998609408,5.879863459339767,5.292588543451171,4.52590441431127,4.966014152856921,4.449665337456316
-0.0625329106819718,0.595695300529964,0.6350415183869471,1.8680149204308631,0.8448550971999437,-0.9704608297441653,-1.2259805553701917,0.2851845738283656,-0.4366018227796961,-0.7340536852713556,-1.9971537488928601,-0.5707369304672365,-2.77280636373832,-0.11733519404563793,-2.609358102722821,-0.14448494277506158,0.40576672144249626,-1.1838341200043665,-0.3990195686376425,0.5872535069902542,1.227420345885055,2.216232963839152,0.03553276685991969,1.7427979447830977,1.3255000722213064,5.616249571567818,4.7074883932101805,3.1184267709291733,4.4896742275607355,4.499468413136043,-2.20756296881368,-2.7428184150828856,-2.393813146103534,-4.071877720145992,-2.138791258858787,1.9696531712614298,1.843221672263588,1.7996511734170613,1.1244199610794299,0.566424089120965,-1.3600223466255232,-2.3109946961478443,-0.46936103409800656,-2.8402366260156806,1.2150766718344743,2.6355238356282373,4.613142204638384,2.532638992885304,1.9172559366588011,3.6256668518419537,-4.765260105808426,-1.9642620495016812,-5.311528629218387,-4.84523928357445,-4.899568825327524,-1.4231540202142103,-1.1645464641143466,-1.7210527196115057,-2.4761067505902346,-3.164889483105414,1.8019816815543475,1.6493155167974338,3.460966221686864,2.7311107374933905,3.1421124135541487,-1.232049030564448,-1.181517007505106,-1.575592941669956,-1.343539926369623,0.32491336913813174,-4.376490255602027,-4.878822281985131,-5.051887181571346,-2.2057632137281136,-2.8056410138896766,1.1409837088407955,1.8434485537971292,-0.3439959314737375,0.3904343488355012,-0.4897386061670057,6.524696927244894,5.063467153753703,5.887117699349889,3.384018506679426,3.6181638931753466,-0.9722154327125193,-0.3941499183989044,-2.21707406230409,-2.36464553377964,-0.6243138747655109,-5.41425230958388,-5.005292930867805,-5.246800630865831,-4.738672751467598,-6.174572719109986,2.7691371201568344,4.747793864845151,5.603292466120423,4.689019719781699,5.170889418746765
-0.6296754097837293,-1.6038631966604382,-1.1895306056871016,-2.2716148713895072,-1.6797153623255514,5.343639214638003,4.394025796513798,6.584199502330213,5.045312259962405,4.809316700769086,-2.807205908551739,-2.5261093425558663,-1.8460911710984205,-1.6745650870183684,-2.5798592024263383,5.8357846151001285,5.532245224751897,4.662874976601762,4.442991025141062,6.771680677133001,1.4962611220975617,-0.33193152242673457,-0.7219746281190622,-0.38480614085076226,-1.4321266150184546,-2.339420847706921,-1.6383754986259575,-1.4406381952107914,-1.1602465547126257,-1.6935487124072968,2.712489422082541,1.0542044708488794,1.435873223606876,-0.01961217890751399,2.038820695731068,-1.5778786287038151,-1.2437249412237636,-0.028607483772081554,-2.1738823144223245,-1.6970146647145112,-1.1654786093401346,-1.3325970442079553,-0.8147249670398804,-1.2727095575723766,-2.5198972986989445,0.47778927970455465,1.1158428486059824,2.5999799786025077,2.027268944732839,1.4294114509283153,-0.18536719407423558,0.6426419308973432,1.8156234329982073,2.1130485759937536,1.7197978912330316,-1.7990423832208875,-2.867608887689468,-3.0993276697261507,-1.493464103504564,-2.3065567641752973,-0.7987237402417979,-1.91187735779695,-0.626082454857483,-0.43215381649116236,-0.640546032303875,-1.6794244068093447,-1.971011216477931,-3.05202038234271,-1.03014114208108,-0.9069366295902702,-2.875441249336726,-0.938312650193715,-1.333195013253195,0.20536599430498806,-0.9693200592307889,2.8035013724212585,2.0413621175977443,1.007866397879579,1.3153382463552359,1.0231477289621143,1.7436332654409596,3.958367130078983,1.8517528278919284,4.28807159726615,3.3653176108707448,2.609395184282578,1.1547925253663678,3.7911482232112816,3.2626323587350265,3.8771815350893224,2.2042511719967006,2.7254541253032403,6.242498586346455,3.525017083350466,4.5237549369211125,6.762468855362097,6.194258269108295,4.679966160489847,6.085197852264665,5.179905583538043
-2.6896259671815104,0.22159992083385582,-0.7922789343895646,-2.7614252042490737,-2.608520676746303,1.7646469936548084,0.5350898441954665,3.231346164970626,0.7857587385873266,1.7010619482712017,-0.27980840814703395,-1.7861726998690055,0.42185579709164045,-1.591646616730598,0.5780059102029874,5.783626391789731,5.699964614444072,3.838088171728759,4.03959846497105,5.697413189525254,-5.646527940467631,-1.60140585137884,-4.788003974095631,-3.182174826540928,-2.206333157811058,0.9019693606164169,-0.3138994850837361,1.9759689584180415,-1.3283183298959487,2.696989727851088,-3.9829576511983014,-3.748886928122369,-4.5556002613651545,-1.789978811092523,-3.6598200495928657,-5.51220868807183,-6.495965350051192,-6.6105679883603825,-6.783984381456346,-6.38443392121528,1.4386929085347713,0.17093694577626606,-0.6356940373919051,-0.8826743762551349,-0.2414430801429682,-1.3338262243106622,-0.588950604818171,0.803272261487737,0.5370486596753274,0.032057851732281116,-0.4254847499015783,-0.1368124631768486,1.0195763969732976,1.106770947017962,0.6083935038351195,-1.9045324600377618,-2.267078765172426,-0.06747798915690226,-1.2390474384697492,0.11030644810836296,-8.089764690089446,-6.387510731074678,-5.495671455840263,-6.332047604923354,-5.584008688691168,-4.444796917317003,-3.3805889044538273,-2.522917839232886,-4.6740830130122735,-3.4518840953562817,-0.9490978909227977,-0.5828200269621158,-1.0322411161704017,-0.47016990640912826,-0.43929349968719517,-4.111356099187183,-2.3348297483254825,-2.7773455018751156,-1.922800332411179,-4.111153444681084,7.1861750913962705,5.9196786883074735,6.140397104532247,5.606069108432703,4.756615138887581,-1.3729093754699688,0.3272991693338321,-0.13252155074921768,0.04275461029345473,-0.6475496504985717,8.32305519309891,7.695036859847988,8.57059756152085,8.470752152567131,7.650508199918737,-5.135657907438522,0.07848901370128153,-4.1624204346669815,-3.2964957404333903,-3.6600146460549605
3.3679833181762078,0.2503757042621191,1.1151503383567098,2.8886459317092084,3.844424913423793,-2.1027294142982247,-3.0356605414441176,-2.1314569119907554,-2.181404934374055,-2.6000054750414203,-5.799729439065498,-3.685977985040064,-3.072165343826107,-3.542384065333119,-5.4861497563243855,5.101092077636837,2.50748151460074,2.176327529470257,2.5385633636157694,1.9338984182626437,-3.2906206878292177,-3.1059220868068746,-3.3610959882738545,-3.354665193058349,-3.1849716024692465,-1.0427647913345386,-1.3937422854640489,1.578330273056444,-1.8117645608730653,0.15208675802971688,-0.9105476095231521,-2.102744671372095,-2.062787845857554,-2.467505771150791,-1.6931207307987592,1.736037622083413,-0.342085844104555,1.1888856829822803,-0.0452454112322323,0.5197265629319636,-6.066955940062652,-5.078683866948803,-2.9797166934672847,-3.2732919014622,-4.398123452219279,5.051277020414879,4.368325762243649,4.352884920153118,5.509795807235703,5.285226209115981,-1.9354946421105967,-2.0445093683727897,-0.709450143707353,-0.8687187317913093,-3.6846252467188036,-3.9036548267631455,-5.35196626346866,-5.148758260222022,-2.2618639244811507,-5.457054916071703,-2.452638896745003,-2.307374582640238,-2.062056638297856,-1.4837067045484493,-2.760179060998122,1.7677676157752165,1.1604607810765488,1.0955957172871735,-0.007855093565276722,0.10822421508146454,-0.765864598206234,-1.9750298363471277,-2.5024134177065105,-0.9317008940548023,-1.2711641906314894,-1.5225930982259266,0.4902855339038401,0.12308098169332227,-2.119501106693782,-0.7323435969600193,1.0819081734833924,-0.2819575821230682,0.5423611126919797,1.508775834627659,1.1102366130646188,-2.734743181881916,-2.3068406640272596,-3.8016123222284763,-4.178176291714279,-2.3678965771664484,-4.698309412235846,-2.4238208969070376,-3.8904539426286804,-4.1910366985016,-4.115766171093804,3.754557362075689,3.706223681891546,3.4867927469113127,5.644208506402705,2.9850987262125352
-2.3561535137324756,-2.059716859475503,-1.140118708981467,-2.360591686055083,0.8260681647404595,-2.091467540399179,-2.3765836201336983,-0.4145139346514802,-2.358465566193213,-2.0129914031109424,0.045341627700862086,-0.3910936473308839,1.9410717693956634,0.5399038460525071,-0.6803174078123698,-3.4975558513160485,-2.79266829493998,-2.473044032092786,-0.6225366605599469,-0.609056620750939,-0.8692656245403131,-1.4625624344815114,-1.956868857132416,-1.3665288059798937,-0.07192673977966269,-3.155967260795374,-2.3975874693861456,-2.8190108717957347,-1.8944365025016228,-3.5559018452705193,1.7758889225239374,1.0786064369002721,1.2260814773425468,1.0695226117093408,1.6947477766334353,-0.22024967192238162,0.9378513423029174,0.9450106581817416,1.941501114808887,1.8224602315855511,-1.1002761135240302,-1.9276987623244157,-1.4344395445960025,-2.5618231707841987,-2.130186532018331,-1.0315582864642223,-3.8793238364601046,-1.1605778766355825,-2.410357593530855,-1.7216778939997617,-0.18182892926139899,-1.2940604673604035,-0.30560204915366457,2.3710177840249878,-0.3616951596803045,-0.4907039190976811,-0.5441225375489848,-0.0184171772058484,0.7386325123296444,-1.180042007436174,-2.3838722740073477,-3.122599856313691,-4.22507688502899,-1.353209950732581,-2.7468233450620345,1.7458657794783288,3.4609884456876356,1.7711888206693547,1.7695212177799822,3.4008269138104956,3.885075879255484,6.144195671160647,2.1567314689055785,3.3455550052071468,1.6488719154601033,-1.745249621217543,-2.0791083311795533,-2.1814559825403586,-3.122223420811181,-2.3985247366796245,-2.5352159513878076,-1.6569236122977253,-0.686158996605572,-1.2122775070861476,0.4463237883592587,2.340792581097033,1.6082075358938783,2.204009391455194,1.9222451052742069,1.9707820284774342,0.8405500742332789,-0.007269198165039459,-0.16553678508289563,2.4349194340281297,0.9356559586147055,2.0862837325152133,2.913014264550021,2.144269754602766,2.379048033508768,1.3333280784262092
-5.0190915604962045,-6.149096295922731,-5.449059707224656,-5.595766908915806,-3.061843782564029,1.9648435774164095,2.7210783609774665,5.671633991763585,1.9386208607898885,3.9520744331691877,-2.38824652861383,-0.18390045012373135,-1.2745905641054796,0.2648098570103993,-0.1870384951417583,-0.7492160243543586,-0.7668745353439381,-0.5412597098913551,-0.03306182706224292,0.27464156240868587,-2.8516197999730517,-2.9241666259537835,0.05621721440906968,-2.8705799806087695,-1.4525200264743798,3.9118165166104375,3.1560951242723805,2.8495559122508975,3.6969015943415418,2.804695934024984,-4.041508976494063,-6.445610622681907,-3.451712049595423,-3.988965545276013,-5.118086629882526,-2.0382524229647117,-1.2463121537621502,-2.510432677459105,-3.385827601105282,-3.359434041655595,-8.187447744293294,-7.760487643011367,-5.176278344798217,-5.841187582003103,-6.396855429720322,0.10309891986482173,-1.5722038769727467,-0.037281685240327836,1.590597385152783,-1.2443389603895179,2.208695029419605,2.1942781186166633,0.9219134542706132,1.5843366455280032,1.7508010204232312,4.52917222346848,6.328812858036211,5.085385485661769,4.702545012526419,5.205956101709722,0.00365708115253649,3.089371298867963,2.079510310972479,0.854158180954061,0.7648046246083952,4.602514920091452,3.8346698950245095,2.4773649006160428,3.0049117173413853,4.337071675249865,5.923232455868283,6.762125758563709,5.152839159799522,6.122077334579631,4.975556954587689,1.6297091397822694,4.162102656060599,2.2217571716842484,2.5832877401967504,1.8651259701812146,0.9334543099335002,-1.0084633517426638,1.4456884808753263,0.4517990319778765,1.9414244767915685,1.0585262714118115,0.4507643788657792,0.5469071239501072,0.031201897890087316,0.31405690863190705,-6.2558072576924815,-6.7369815058971225,-9.011224148384144,-7.630992089659505,-7.554636333543813,-4.174108172053193,-5.419865606056976,-3.173787426958877,-4.82862905729829,-4.837860183060919
2.098854807089989,2.918887062865741,3.8540691869952437,4.020248026046637,4.65735395816134,1.6488428883918373,1.2310265702149636,1.359572974716513,1.5368115291031683,1.319115438735759,-0.9759752872056832,-1.5868768626901784,0.5110446597506714,-1.1438401185534637,-1.4246303906139093,6.916001530961651,7.018455693351051,5.885516069646909,5.556143280626375,4.227598129171952,-3.5759653607387922,-5.670661438980023,-4.735580398448056,-4.81823154300474,-3.6649441381629697,2.637636046186682,2.211213295294922,2.2072434394611506,3.522417066200768,3.3094375634923714,-5.756427017313422,-5.786674334811236,-6.095994540672718,-7.187615342520695,-6.305683750161843,5.336443362143712,3.8264142113094617,3.4900850588987646,5.188465250682014,4.301032237468192,-2.602292274187845,-2.5799356943120775,-2.2090680304263626,-3.09386565000235,-1.940610475020411,-1.0088859838648487,-1.5190925003040767,-1.4721059547470918,-2.1516589368034147,-2.042502865530873,-0.4213060777673486,1.604356579560764,0.2666037974369333,0.15734723486467594,1.7450025342434958,4.138070749848369,3.541802459668755,4.942552573752035,4.272531747772634,3.706139193925599,1.5944582529124345,1.5548124254912126,2.091466448603822,0.7998808423071379,0.6967542327772973,-4.43358114797697,-2.6105176288238043,-3.944632747162542,-4.869267473845605,-2.6962553045289286,-3.474320469165703,-1.7339103212776859,-1.958222710971068,-2.4529302709270735,-2.7273451238119386,-2.6554441729890845,-3.204183295817969,-1.774440774056445,-3.709107425606608,-1.0332373341208516,-4.497229639560186,-2.3357788048958135,-5.2686021861175005,-4.782998178740739,-4.5861086705752,-2.213886105012101,-0.23599596225318603,-1.9327280226123835,-1.3756814433000297,-1.2441161948692718,-0.24846593568998157,-0.24644818801252885,0.4208580921760956,0.16590559594129983,0.7982157420540521,-2.8084714276539806,-3.804742933747988,-2.491601114025609,-2.1102425031058325,-1.3440614664839714
0.8739583915289763,1.4071922276664564,1.8838363113200465,1.8845127974003744,1.033775310795635,3.3001188656199005,2.2424783921687466,1.9170680064265189,1.786542580853206,1.957297767988218,-1.5977337564861567,-2.707798860101013,-1.025481060373243,-1.8069557466950503,-2.3270412980621344,-1.3073779420141534,-0.7861347303332132,-0.7225903309428134,0.33934210898465617,0.642675094448827,-1.6760318198292037,-1.0794941908617675,-3.702752253782181,-1.7982269488465628,-3.1372171301405096,-3.096831753863701,-2.1901533435288805,-1.264565444726815,-1.2617155859552294,-2.571141961279438,-1.0880481222812828,-2.6214822485971574,-3.0179161378809076,-1.865289677419881,-1.5793968085451082,4.1741830402708615,3.4773432908517417,3.228757324267358,1.987630888870611,1.1610372089498244,0.8045660876593915,0.4763557769142791,-0.11791598113490631,-0.3421204689140751,0.5714572907438014,0.9538612236725617,-0.1540758521119645,2.1703981124959273,2.8863326205381865,1.9063017816296406,1.5230458504240016,0.5986989260092425,2.6959298035406976,1.4054336853030016,0.4953614399299973,-0.48770788349612726,-0.26156237753505035,0.9254319654187946,-0.5961974861015406,-1.3545167077347342,-3.9374360685434744,-5.065040228058235,-3.6091339920810817,-4.237914781354666,-4.960510953379428,-7.0743181781316125,-4.477214696800635,-5.397104032939932,-7.216886459339191,-5.882810979133276,1.7872008466123852,3.842364587639069,1.366249074352603,1.7030886949502162,3.139949407755854,-0.4675659201199067,1.2186102598246797,-0.32641102658891186,0.32130789963237105,-0.1593969335803573,0.7093054184927755,2.6292304217580473,2.5915891466530745,2.3647567417942055,3.2860603902818264,2.4846033449510116,1.9057697795698652,2.3439338521080666,2.9766296108178114,1.5084143022707255,0.3741154164621777,0.90887607639588,1.2520176706806216,0.49966412355435535,0.8545292864365336,4.466930441101567,3.9723776747025337,4.716522713390565,4.870206848739506,5.306742517950562
-1.3250523533906964,-0.49185533332484244,-1.7766485125363976,-0.6540233770329793,-0.12671746599588507,2.436670093891516,0.4929333075305776,2.6715220669798856,1.4320431859720018,1.9404140366064828,-1.6604621991910231,0.09036804117401531,-0.03912252329409871,-1.2105205173947324,-1.6568058963634196,-4.576032189970003,-3.135146144435762,-5.646546506440475,-4.008794756688444,-3.9812203248951445,-0.22565052855514522,0.026299869407736765,0.5761491780786133,-1.7606236045918027,-0.1703262883197514,-1.890688886669066,-2.264639146518163,-1.3285875131896976,-3.2508265274960886,-1.9888733271544539,0.3404691846162525,2.0718091934438485,-1.2978794232775939,-0.49336855987295664,-0.6562637669039361,-0.42514440323426145,-1.1240399400578354,-3.559748045442326,-2.2212033465386583,0.5158830673245072,3.0023737900919976,3.174160268426089,2.154797043456848,2.5433154230842994,2.447941906037773,2.7955702412973067,3.6828404212997863,3.520252622240464,3.690360922684962,4.738163822931139,2.689031212588373,4.4036051746883835,2.507924090488887,1.832978906437154,2.7150766359086966,5.385948307463136,6.787449207795895,5.646937188120328,4.360361028365228,5.842278980183358,-2.345390224238975,-2.003859967759905,-2.0587904824444143,-2.6476997251484824,-3.3150311084567443,-6.792699654053583,-6.897778950509674,-6.9709870178243305,-6.01103749710455,-7.621983520484186,1.232350356940021,0.937961508373121,1.1881550445322042,-0.36884443057213934,0.013047036445908726,1.6110340774741796,2.7311339495382874,1.8624181438630225,2.112866284191656,3.1054066560653366,-0.1599881390812639,-1.8648551403105165,-0.7552978530361658,-1.0014927952008021,-1.336456582708083,-4.094428888008108,-4.640300194190407,-5.589401921425288,-3.8619262146090847,-4.755815013194883,-1.151695318272664,-0.7006623637598146,0.7056692302179504,-0.3061732428917666,0.1509987901255538,-4.524238184655875,-3.254672988687206,-3.2161895341891595,-4.132697269923439,-3.3484030160122606
-1.306010625095999,0.6038379074210297,-0.06570307840547296,-1.0323774023562247,-1.2352676792533557,2.810587249366157,1.833046474471639,0.4773368853890765,1.5050561945010519,1.41752160424657,-1.7572686468553949,-2.568209954074592,-1.6964121423055338,-3.210202516760651,-0.14219637002324675,1.6122372049492701,2.5582764284558563,1.6988116910440236,1.3339983715297858,1.78824936305265,-2.031825657569822,-1.7502617687960735,-0.882658392861811,-2.4409266785434074,-1.0180796589377168,0.8315560921080533,0.05221721380037858,3.0982777803459265,1.9127357674732846,0.6911787285616962,2.979605143181256,1.703046207505406,3.7432717719988156,1.6883812555000652,1.026193239369156,1.6425107335944469,-3.2784662408549607,-1.2733912701676675,-1.0156660532378723,-1.6815588218023259,-3.4297372143724796,-5.524104541084713,-4.704092722301485,-4.74600562089931,-5.113152793223143,-2.53749599660776,-2.904222357235728,-1.4789592143938757,-1.4277691336294909,-3.967951045154649,2.878378420299395,-0.14851181367446886,0.7703566734993874,1.552450468264002,1.412536627421554,3.1351969298152946,3.262350895749623,3.612397095891392,5.7001827504729325,4.281655445250972,5.763878278947645,2.9083022920450907,5.462745286361879,3.683208630204752,3.804130690568569,-1.1490887716377085,0.0783619979296114,-1.108048974732513,-0.4408897403675389,-1.4129978303867128,-0.6368216004368896,-0.9422801418274173,0.07112892853792563,-1.203166520067353,0.3546901263203427,5.254474001562518,5.022347809051526,5.880629646646796,6.140278676410423,5.470333808185695,1.3572266431304232,-0.6313208106296546,0.7000143545404773,0.863266716805754,-0.0027958256285951083,-2.7409447200442854,-2.7842109209342705,-3.3850279528371963,-4.080043776408592,-2.5049745672279906,0.6315129961447977,0.4118470325006135,0.7926236516632921,-1.3705989810439563,-0.09723139399908375,-0.234469439827313,-0.5981654815627441,-0.037408118614386004,1.8416215392048692,-0.5059726726092288
4.115038960081975,3.003895685265207,3.1915795619442777,3.6455277706494993,1.824057499139459,0.9701137617066421,-0.8637001746017421,0.40676535944801984,-0.38510501067594116,0.6073556678533468,3.0362814000183436,1.1303615688998778,3.147887199596493,2.343710290977868,1.0974706693672922,-1.6030592343858052,-2.199379313793866,0.16043836742318895,-0.20997422137817034,0.75800225357487,-3.59694837749571,-2.0631872030245644,-2.7544452683354694,-3.3381796519805857,-3.493692579804196,4.639570401832167,6.308443323369959,7.546139454920789,7.138547400562947,5.8267603017099505,-2.4553782335993075,-2.11112397029975,-1.8132589521589577,-2.491639259291683,-1.7531556297295776,-5.756387472824395,-6.226406260673685,-5.489109244312813,-6.905073800368648,-6.438562126758268,2.9678147984479724,5.443927170112851,3.475609466943789,2.468266821651532,3.283474887240107,-0.1900468657459029,-1.623820495892224,-1.3464081668784789,-0.9034069979486515,-0.561845880091763,2.79879533515218,3.067206031735285,2.5284894404000675,2.7571484340419223,5.794684905952948,2.5106056096293528,0.569460728876755,2.6855522074395433,2.9969732942085123,3.7964945643167187,-1.1908719060524995,-0.2265646072363764,0.7080161408257812,-0.6961929281995873,-0.23716208141969022,-5.462622161232584,-4.6517603562736225,-6.250954555648574,-5.278779089005011,-4.606990695585048,-4.249666312865891,-6.344142146650722,-4.932962882386797,-3.57099949584234,-4.05155674567272,-0.5484992124303549,-1.672542696868377,1.7075945000380754,-0.21066003174585402,-0.913510668180318,-1.6263896946123924,-3.2523714865946833,-4.514551660720016,-3.0641844709341224,-2.315687208748468,9.189459922362985,7.192297207733466,7.9333415646201555,7.522537824170789,7.952100855000725,1.021156831990962,0.276576941567528,1.418269888849153,-0.3347618849918298,2.686146913906475,1.2008752687924227,0.5770647888794955,0.5803294445096477,1.2653136531999098,-0.013621354593308743
-4.422925449208837,-3.4029437267175524,-5.1190738855669435,-2.219490550323205,-4.987594565524302,-0.5262312569085187,-1.1859700553130783,-1.5931582381663596,-0.6617680854850028,-2.8154584471462196,1.6558163358802174,3.8324206102527665,2.162685650161931,2.0083012711041897,2.313179625684654,4.516963880770688,3.9226721808880063,3.0670778270660293,6.0880365921280415,3.2949502799461903,-0.8079177911252502,-0.33715576321367624,1.2306507486673994,-2.0191716049820037,0.7634628034020093,2.9366708743090184,2.415315000613375,1.9125954919818202,1.990711724429482,1.2777821763566966,3.195323153211373,2.2913415101192802,4.963814758650736,3.0831527174028364,3.451185890133102,3.937169535293926,2.8235402955110835,4.129168657108261,3.6162121348392113,3.784414446941351,3.192778037935003,1.6233409069930533,2.177939595965721,0.18061722973626992,0.2854379315540207,1.2699313424878402,0.3346385677252417,2.6977069414573522,1.7289413317606408,0.8142417820141609,0.0020365046061895185,-1.088897474253863,-0.9623600493120807,-0.5187835402002079,0.24348064270197317,3.690586999507506,5.081598411129809,3.7359695530532293,2.517265071338826,2.973198202652281,1.2165870443345113,1.3465848156975038,1.0032693164658586,3.172055956304532,0.873714436920431,2.8826720907020613,0.8776199353786095,2.4153743133689076,0.859657673189423,1.9246228108312866,2.6379189467724897,2.292257077606891,1.1016421891007222,1.1567321193803677,3.663144004173371,-2.335958828102826,-2.772825414454837,-3.907268284911393,-4.049880727100619,-5.665251346336918,-0.7974466528671166,-0.26814757187736693,-1.414826044558283,0.4559735202474603,-1.8825776465639468,-5.454058631160014,-7.322039200684192,-6.794415899397949,-5.320531449382157,-5.994099436119257,-2.9280485505505283,-1.6538610073342224,-2.030048970451702,-1.9334602091769868,-2.84520532908921,-0.8671241902525098,-0.7440770070975928,-1.2664207063599633,-1.1673236371427196,-1.292115903329229
-1.9464861441776837,1.9593968013570353,1.1674284651169609,-1.7983863590902733,-0.7785824003834884,-1.9488065603995341,-2.8786056402282325,-2.4659511191827916,-2.6029450713189553,-3.2684204776717616,1.8633916963186468,1.7603135421667164,3.59958170332077,1.3799714183092209,1.7040788855261007,1.877050533102934,2.0545802046253123,1.2005083175424613,1.2749276852235036,3.0629731441615404,0.6272426928833883,-0.5876419008503297,-0.7371949627818095,2.3322405251747673,0.2577539677239816,-3.3474482035691118,-4.113992517104909,-4.544853208679604,-4.811743792891726,-4.757796285427964,4.117977361269757,5.442720113564252,4.304843394218059,4.468077233256606,5.420015714145227,1.6543260554891723,2.107669455266194,3.174515467767084,1.0150562549873725,0.5938306224211294,-2.3060436097161667,-2.8209858916864055,-3.223876113258756,-3.8602275531780395,-2.0513825486028825,6.2972289523267335,6.683735719279976,6.989969624804889,5.617797050367456,5.998878148678316,-4.52280834638694,-5.8419100559148855,-6.589173814132527,-4.902787811038586,-5.360348968382585,-1.930610080919668,-0.9381035052876536,0.18394010577466385,0.24607170414011154,0.07668651152669677,-6.073378770715745,-6.035638458567625,-5.0130670456318835,-5.875916637727141,-5.847197651646337,2.7380007630467893,2.8870744444575083,3.5626984310903773,1.6019999491933175,2.8474712749710385,-1.2746656861966756,-2.2384528144201714,-2.8898863734726263,-3.2536454323757087,-2.2511100573691514,1.807518346707133,2.075950677748197,1.7133589124811819,1.921608986531908,1.8505528348354527,-1.5464445414807666,-0.5550709047926619,-0.27942009474218027,-0.40833457343600205,-1.3100844077750764,3.612644217599627,2.898512642726044,1.086511126851533,1.7837639586952676,1.2623490198787874,1.44253530589484,2.289589557540853,2.797277165062831,0.8502271725568622,1.760367640384749,5.974615637762173,6.40369855063873,4.99534086663167,3.736214600100585,3.5920851347270086
-3.4682777430179317,-5.740519228750553,-5.637139693740804,-4.592607131452176,-3.0940761727728234,-2.2040554035012887,-2.3321747588576067,-3.3478034499166753,-3.1043797482569575,-2.012417212399837,0.07200951612671971,1.565013875620684,-0.2186241529016748,-0.35471394593774985,0.42758102883511306,-3.5473784674034436,-3.028615428267414,-3.0839396296043176,-1.7652050954017697,-3.591575937373463,1.6209718739718781,0.18469678892101227,1.7650539942977168,1.942406738590329,-0.14580967641754541,1.606921297061051,1.36883621405519,3.567477280454661,3.662983649740984,3.5935242863182006,0.25282349512896385,-1.534385935906845,-2.1830878113763794,-0.16914944078138366,0.15053710483753738,-1.2265943679583038,-1.1916590660295998,-2.2260942735875644,-1.5043591654754782,-1.8630283332900122,-2.493293084491291,-3.250853174229285,-3.1731770726723796,-2.99077883626673,-3.1343678610492316,-0.3840161225068077,-0.9316634226386326,1.222050889299066,1.1180062748369786,-0.6058348113106926,-0.8673537526278772,-0.4645553435549663,0.6072822774497952,0.9564215183785971,-1.067064881961479,-2.5062502852629516,-2.7952489581790934,-1.2580856319454055,-0.9012656800663853,-2.972186092276769,-0.7140088294806938,0.5378421649527758,-0.3356722063253673,-0.18190742937162543,1.7366278649106142,-5.672524446258197,-4.398896277706649,-4.636576056931421,-5.189396958361045,-3.2714512547805312,5.46819234388734,3.9017690543543315,3.57251184756744,2.952652775633875,5.482796384099287,3.4344680042355535,4.802081868119522,2.740891762910344,4.421616013303482,2.8186533624648598,1.1204271331927584,-0.2209685610992782,1.283978245302905,1.4750892086816831,0.3095085415183671,-2.2599265960497377,-3.6296316962804336,-3.58718414747173,-2.670837441496204,-3.794023903061973,0.5165846526070605,-1.0106193997721413,1.8017175479062288,0.6622960342981106,-0.6483477711223189,3.518994867196393,2.1222182127711946,3.2502673484400866,5.078504594534561,5.52149974592312
-1.0631032631064947,-1.2747922982229878,-1.452455257216154,-1.967453762745973,-1.930440547554244,0.7128443866754121,0.3719788036622853,2.9165433075014793,0.28809697663264255,2.021804014760723,-0.22650664750180693,-0.03039686340930392,-0.08168869672657991,-1.0903546029266933,-1.2389545246280118,5.9992713442369485,6.139084920335006,3.7741130436365298,3.6339781524431327,4.775553230943914,0.9981253488091397,-0.5977688469314368,0.8040139342341858,0.12716927043279647,-2.4981176378840204,1.720808739282793,2.6131955575774253,0.2580520192132788,0.6223630966230179,0.9381075222631381,-3.9506286075367996,-2.6092713396233913,-4.032039311634751,-4.181965391418045,-3.031260079242411,5.12100151992458,3.3474050357267866,5.916057759288882,6.5941331893597255,5.752781669114584,1.0766688738576,3.452631836193412,3.3450713429475507,4.566239935955399,2.954264689594362,-6.4818559855615865,-7.291072174770797,-6.4158965556569525,-4.932539580566807,-7.6714222846680284,-3.5561820116659795,-2.411399765649711,-1.5754986221706573,-0.3065656283527589,-2.7243985602113003,-6.194562571133433,-3.6246010863013147,-3.1877964441445297,-4.030907941191581,-2.857139174991716,2.9490667798285415,2.794433802484624,2.0942528422471876,2.092229229142535,1.4173418070390684,3.123750264300172,2.9085841050562395,5.395368629968554,5.065427840953253,4.423509023742204,-1.3298283822894434,-1.6655471902118608,-0.6420148094954041,-1.839211191859173,-1.4644117347642416,0.3708055677482101,0.40135753631075427,-1.345099374471211,-1.1547441398772365,-0.5779002421735898,-2.341335325727261,0.03981818930738168,-2.2035133491510037,-1.0064431773795761,-2.3196888319985893,-5.010532765930128,-6.607650228206593,-3.944546775739725,-4.129427561130434,-2.5603974939283027,-2.934982051965072,-1.4537321582788274,-2.0946778777118875,-3.201722468054834,-2.6062122193883637,6.062246677622635,3.496028217339359,2.8566616448777653,4.973290994139004,4.875133292498289
-1.1504156655516855,-2.6198810370392964,-2.168671014351175,-2.4121045887659207,-1.250523041602952,-1.6609247051878544,-3.0442312474357696,-3.6547107398749628,-3.3646758343835144,-3.0139050120293005,-1.2493895663729373,-1.859446194659996,-3.0230297238975234,-2.6653768542100353,-1.7789626815085084,5.948127008516642,4.472686029223912,3.874679168728169,5.473840328850907,2.15658620677017,-1.2503225295790434,-0.4094909770346006,-1.9559563415885364,-1.1188276071993721,-1.3088851080652972,7.040987944400939,6.929056738780058,5.845087481105071,5.833769527575414,5.684559963446612,-2.320792074677372,-2.3474796467977304,-0.9672735150964537,-0.3532309129601857,-0.3690429116572758,-0.6901441442250659,-1.0480817232100867,1.4027339597036246,-0.8398139081096114,-1.719826909770283,-1.0806880314020395,-0.1362518264883038,0.5735711281375573,0.5421990918479843,2.6968488370358084,-0.07533091512108647,-1.7092885225715524,0.813184795129196,-0.7189778895645833,-1.7413808420912804,-2.6700381478339663,-2.6870334786096213,-1.772388791232046,-0.9613364890176638,-2.194650077993908,1.4793926330087848,2.283262630429091,2.2029804449430004,2.4057686086010097,2.874192009983522,-0.5613800100163275,-1.6281835545305963,-0.28395666851049234,-1.6842766971538206,-1.000631269503291,-4.814606729218689,-4.370425591066045,-4.450355644276007,-4.39209522105139,-2.922828476984453,-0.4081220442126709,-1.1846707714332407,0.10625448681543237,-1.385116694349398,-2.8219987817965304,-0.8627056314781103,-0.666024711448252,-0.09838662142013888,0.251406788645002,-1.9433565185961517,1.1142745909099445,0.6374373744548139,-0.041007018878894436,-0.6749113207417727,-0.8270238192184628,3.0345909274021885,4.299713529794896,3.3213239147033007,3.7909303205220946,4.225980351369667,-3.0879111769968937,-3.9260555848047325,-4.682330692813154,-5.145925228475629,-3.7106595879220237,1.5251385856274362,-0.0036006088489438093,0.5728654566274934,2.1909675213018005,1.6477722068781686
-2.1433814547243935,0.2978059760829379,0.339524513865851,-0.612280679121791,-0.3804112038196613,3.6476397670531227,3.8432016352148364,4.183528615657554,2.266315484011008,2.787644896724661,-5.047535687703425,-3.696360919316151,-3.551812007718965,-5.906512810525696,-4.010067179756564,1.0238229466803948,-0.368815982492275,-0.5615734965612219,0.7289233175299474,0.7767853357493013,1.1366411510084424,3.170166333558188,1.2033902138700165,1.8952876333903963,1.228168141376275,2.5913575715898296,-0.16883363097484813,-0.5531683106856702,0.09041973981434384,-0.2331482520331852,-9.076008354981655,-9.336983241885001,-9.15471788534235,-8.073181356397532,-7.719099148058868,-0.8466893284699275,0.16874742354403116,-1.5412544689692684,1.2741359262576495,0.4765235902125649,0.1507995886474983,-0.006456829347213366,-1.979409709375071,-1.2622771350040536,-2.3238329578569576,3.9860266687456107,3.648100536638453,4.560031847468823,3.8110064062223303,4.575442387302973,1.4713518244962622,2.4485367995803413,1.0263932453296247,2.792461268434966,1.2823924465396024,4.047895089363556,4.982994573379143,6.311299847782729,5.026055048342609,6.382124284577774,-2.8002576444072624,-2.673806088074449,-2.22698910443998,-2.1498453385169634,-3.9439686499137747,2.522270555397845,3.518832978170601,1.0092236260781826,0.9856348139944037,1.7309640340248857,2.519523871466528,0.23952540733360517,2.2270876896291636,1.4499466205621854,-0.010512379129639694,-1.5984602115382118,-0.4417589019060794,1.0751500760638517,1.0926788064048232,-1.9589600884686889,-0.6388260298401064,-1.58293446274258,-0.5045775638198206,-1.1362693166483864,-1.3940352203692967,-5.207053061553182,-5.226099187014549,-7.017499076229533,-5.605137491652293,-6.618583588040881,1.0429130936461963,1.1951788241719916,-2.3385503783240895,-0.10391873855226541,-0.16261738466440034,-2.7901826602386417,-3.787194092171784,-2.8633848344007284,-2.6901716647420204,-3.0945889894959633
-1.659899146234779,-1.838643043567793,-1.3078935289795244,-1.9936108895167957,-2.765448517610047,5.897186505388776,6.416170397579942,5.941017263392684,5.737152588863763,5.965224550366468,0.3149072638895654,0.23886311901659968,-0.331169839871509,0.21673954094237957,-0.9794934759754076,1.6835721888449233,2.6303143130516924,2.385560038375233,2.438299849732342,3.6219132772741736,2.000387999339771,-0.7664243646136761,0.5160061288868232,0.7873690569727829,-0.6743228760098074,-2.684971838071864,-1.5020855387576197,-3.697661527421304,-4.259664945613216,-2.453406560008581,-1.2921967739560722,-1.8031475035003253,-0.9866943050497248,0.1977209724346313,-1.6885462236401367,-1.7487592190765668,-2.7842152736225585,-2.6285792441082076,-1.6613111521903068,-0.19652490205559509,3.563047766617409,2.099901240661622,2.8371327040039978,0.21379884223065604,2.7051068876810893,8.704106691796072,5.691191908028658,7.708497414943298,7.840348435006609,8.49766296868259,3.1417638261942953,3.04079110839446,4.2673077936235195,2.4204738741802134,3.3284980798393833,-1.3919037095094193,-1.3139015965309777,1.060246688547534,-1.09769323522662,-1.0225549763589792,2.8065043583595903,3.397083816520567,3.8686875512348333,4.099894849072905,2.6495176215499847,0.08033835753149553,-2.3105074333910323,-1.1878932618745315,-1.5160648125791079,-0.4041717651693246,4.402906090685,5.503768520579037,5.787677949176846,4.15847743931631,6.645248261287245,0.5329689370835482,0.49706118729865967,0.9085536191201751,0.05288024082461318,0.26469291602052497,-4.297592716076842,-2.3314278793848917,-4.661746754160498,-3.9347979770767694,-3.9409919749212574,-1.8068334845273968,-1.9224026533736358,-0.5709645795779796,-1.9528321298463964,-0.9796937808443135,2.909800392146816,2.612488605527332,2.240341751097086,0.8133299314488782,3.6467395922164716,-1.5629455590069055,-2.634256150965033,-2.1438435664863014,-0.5407028923784907,-2.8886717496538554
-2.1742100277409664,-2.83426973849032,-1.8182259145336266,-3.0781824456265294,-2.942059187819701,-1.2512057491294442,-2.4019257734135318,-3.5551940937696624,-0.9295543810069601,-0.16681837822514026,-4.137634021360482,-2.5920284160210083,-2.985537555238501,-2.8742779378905605,-1.4172040194373825,-0.7894226848866894,-0.6322658209209538,0.024113762876057376,0.8561755526763034,-2.0482502849933346,-4.9431874011006744,-3.9960592587111683,-3.776762480559154,-6.013120496570443,-3.9731669248248638,-2.295104209383881,-2.3706343503475398,-3.2195620215038097,-2.5448724664251032,-3.1736703506801995,6.586746256920842,6.747595422847471,6.101682468545929,7.4920649509534645,6.803300177145531,-2.708259198087314,-1.2633959250888287,-2.9956311461010046,-1.8489730201045391,-2.1832689883562937,-2.3318167600318604,0.8117966464846803,-1.191746862362222,-2.1885239411033157,-1.0276853023746277,4.818922972581544,4.400377150912462,2.782482403959027,5.058298993367981,4.629662683673747,-2.9066442458635886,-4.102847056572206,-3.1404561478720945,-2.877767808721382,-3.4526877238738236,0.16573003485638887,0.3665446734598661,-0.21059537372043616,-0.43051493786580175,0.7680082506940543,0.8913096055479026,1.9193076819770687,1.6286459749621471,2.6634916801498543,0.8244771541645138,5.706165525077962,5.016090892869324,6.586929827127406,6.323542758035791,6.082390406789072,-0.4777489874673626,0.8431421937229951,0.14657268723495648,0.023483663854118104,-0.3442304775195682,0.9143572499390099,-0.7002678689464584,0.8904342510277531,-0.6385013220964303,-0.6297224858241172,-3.307587286388128,-0.8883367465159985,-1.2663048101615977,-1.3896694337894115,-2.1802268098319293,-1.2345609073561281,-0.304161886738614,-0.5860628211492729,-0.5990474730200828,-0.8853164562172424,0.5493774542171815,-1.5376053973829065,-0.9276640479664885,0.6948544529013577,1.4817006902386547,2.1292858511410815,1.4330805759996263,2.9916737337119197,1.7012702650821656,2.7129103373150576
-1.883148116003781,-5.038538811369952,-6.058106217876263,-4.356933759948509,-3.664113092362663,-1.8269341385980258,-2.7439422205308173,-0.9031215065094494,-1.805511831505393,-2.123785045210351,-1.1666222303248701,0.9719660674488784,-1.2109457951650988,0.9479387080263946,-0.6806600463567025,-2.2023269194359347,-2.8726727067894204,-2.5136805433920104,-2.9034985551213124,-3.1684750253306317,-3.71154260779485,-4.397879669242213,-2.427898550272947,-4.028499234275115,-3.171727870538896,-3.1505321890576483,-4.291860416925321,-2.5885221875661943,-3.7862566561118025,-4.152001021771767,3.2800817415941173,2.2687889239635446,2.9120431983811317,2.25318932854781,3.4666859657764415,0.9307694212304263,1.7134672064530756,3.3800293117521774,2.962969534750256,1.0140143455100405,-0.4565079056762181,-0.6108566347546245,0.6224845172119393,0.6910376086516192,-0.6107160261630681,2.6429321446639196,1.0734725554386635,2.0082638358756038,1.8566508807709214,2.9417147133275967,-5.452929868811492,-6.961749010985637,-5.454293864353474,-3.8661070826187656,-6.608832649825244,5.468016321397139,5.92632532768482,5.149155817259403,4.982741542844356,5.474421922857704,1.1890284554334754,-2.169412630620606,-0.033423867546864106,-1.9899559020215014,0.08491648772964373,4.441645571359168,3.4438634528819616,4.203993911445291,4.663894802563361,4.382498005514596,2.8092015383315405,3.791394103132819,1.7588560689984516,3.370382114047852,3.810529414535619,-2.1604578506341303,-5.285990522959035,-3.8317804643278737,-3.7045857029392724,-3.644641489340749,1.0010204566498597,0.1997956233521542,-0.2332012695568133,0.5700938682524733,0.12816348313509957,0.31969778393829884,-0.710531548444088,-1.9742058516807335,0.8076764765209876,-0.18858392632400564,-1.577131215468005,-1.0452990309072347,-1.7128627780261023,-1.5558580273113591,-0.9237955326531958,2.522755737387781,2.0163987475649146,0.5424901216400898,1.3821473622087397,0.31636152006168095
2.578301585924735,3.788244301385085,3.788770588601846,3.935438559306173,3.2096162197107505,-0.7499107414002727,0.22829607043472605,-1.3450588741901577,-0.22008336705638026,0.3577599009293963,-6.939853815050847,-6.027056816768658,-5.3386566202481465,-7.274494182236813,-6.555452373620855,-5.951029745999556,-4.767379113918801,-6.240817739464689,-4.8403581897832115,-4.372850333387068,0.47629907778160946,-0.52122963655588,0.9182748190315508,1.2670319375827528,-0.3298730201533411,-6.545499869530545,-5.256138191060861,-5.607762484620762,-5.02555087480251,-5.676054851829654,0.40338574040137676,0.451454427563503,-2.127087172471467,-0.8758695136130722,-0.6647090890216196,3.461110039531503,1.7003189920339543,1.4544920982697926,2.5990709555225426,2.2099327034230263,0.01842667235811762,-0.29469257150379446,-0.6940430238557926,-0.10835086465725785,1.79941343994174,-2.230593020155608,-0.6131808970935441,-0.7521467144849205,-0.19296923588746573,-3.676365869035163,-2.1828497779603553,-1.0725606334373123,-2.8883446469805674,-2.3335933934049238,-2.6045849976063375,-1.0161428229432012,-0.6148341325146213,-0.37055956872245094,-0.8749087108544358,-0.1372551222025994,-0.22779571341271354,-0.03265086692113628,0.13061637528017467,-0.06555769056493908,-0.34633588260945103,-3.206079942904032,-0.7644263413161043,-1.6540395447709797,-1.824596134667909,-1.6532741203473356,0.3525255613508071,-1.360360697582018,-0.5563651726455289,-0.5518827536527441,0.12113433971782793,4.712816949108225,3.041427552094527,2.1287094614326416,2.0719211457009834,2.4874316076651564,0.39508379087296763,1.1434603395772533,-2.0997499468173384,0.2702189283085559,2.0505934881201893,-0.47402948929485345,0.031201139166817216,-0.09308305531264695,1.2625580216053256,-0.9291316212310412,0.5312874348703661,2.3005571466586696,0.34827422983151346,0.9561725324521485,2.209112300696057,-2.1372016708789556,-0.19591219314117408,-1.51219445268125,-0.8807707135806015,-1.842788176816294
-0.8184483680893146,-1.2237256613310976,-0.7468460126035188,0.9660437715225125,-0.5257900669162683,1.530365845164629,0.9638675247438606,1.4815382930192063,2.4914370209085486,0.10491678415286512,-1.3881676001214136,0.22884421049534043,1.6558237106055675,0.23384269086268983,0.3467116246566765,4.325145363406529,2.978687170322456,3.3923571276501607,2.2743259650469767,4.343661029095817,5.8967051278491,7.964132226449928,6.93445379848163,6.717288254835831,9.278151547380032,0.7616578268230987,2.4468683467223453,0.3367231628826117,0.32809932224197114,2.8896211032109536,-3.8051772140731144,-1.662862302637771,-2.7775177099474755,-1.5494500703973273,-2.460982269971024,1.7677456143965267,-0.7935224930102671,0.38806567245497553,0.009174436232545546,-0.20649827668032114,3.221193243268875,2.446782633304842,3.591698971966432,2.4780557838901984,3.6707533756416697,1.1769825358797574,-0.499566091139075,2.1644968141187246,0.9660948686277788,0.6133027755744704,-4.209384421281457,-5.400577139362248,-2.9976436878385746,-2.6357864918533433,-2.861684274314112,3.833441989370001,2.425825793197985,2.7654842900334793,2.40545485574352,3.118961748314154,0.31535478391237365,-0.9900732754991097,0.748758414102288,0.46031789751267804,-1.0682172479622116,0.20648526074398532,-0.115618832389207,1.5803415909225091,-1.443937084756856,-1.2178997233128106,-2.8091845349298685,-3.4093680654839336,-2.85982788884777,-0.5163574977638208,-2.964637359861699,1.0663535499213377,0.56920027385875,2.1554762762691038,3.5892541284210653,2.179936477207274,-3.647508014059411,-1.3408252632191953,-4.593692592887285,-2.855706771908071,-4.105601358579282,1.2232765475667582,1.6699659262833828,2.2721079176514234,0.8698020960632074,0.8447963775491958,-1.437485445355856,-2.3314216747987917,-1.4196838000529841,-3.0207805702325796,-1.7647216121242522,-3.9879833743256494,-2.4581359145638206,-3.5658004739707896,-2.923734633977786,-1.9958982305982125
